image_name,ladder
48cb28170b3c43518a34ae069d97ffd3_front_5_March_2026_13-02.jpg,298
2fb610af00e74efd9e3d1fff34700637_front_5_March_2026_13-13.jpg,298
3a35735f2bd146d79f7e55be9b0e925e_front_5_March_2026_13-04.jpg,298
5483d397002641df959b11823935aaee_front_5_March_2026_12-57.jpg,298
a27e4038733c45749d8e0303e290c0f6_front_5_March_2026_13-00.jpg,298
4dd4100f3a834db2b98ea6e88f78e5c1_right_5_March_2026_12-58.jpg,298
cdae8a53244c48918d41c3282307cb9e_front_5_March_2026_13-03.jpg,298
68226eabbb044b2a890fabd90b5b0ede_left_5_March_2026_13-00.jpg,298
9c7864f29ffd462e94b12a371e4ba5a4_left_5_March_2026_13-07.jpg,298
ac029d10cdd64ce6acb13521a5d21a44_front_5_March_2026_13-07.jpg,298
5e13532dd9a343c38a6a62a532932668_front_5_March_2026_13-10.jpg,298
ab925dd3494448fcb3d08ea1a851a747_front_5_March_2026_12-57.jpg,298
ffcda5b4a1434631bc42cd53383288be_right_5_March_2026_13-14.jpg,298
8816c04b1d924092836901c320b9ca96_front_5_March_2026_13-10.jpg,298
ae01f46ae7114e7b8c4e8f34007a6db1_front_5_March_2026_13-06.jpg,298
0434648fa0874d5496ef338472a5b124_right_5_March_2026_13-10.jpg,298
54c4548b4435496084ff734c1543d897_front_5_March_2026_13-13.jpg,298
769a61bc066b4db58488cd250490a5ca_front_5_March_2026_13-02.jpg,298
d8264dd82e3d4efe9bac040623c8c6d0_front_5_March_2026_13-08.jpg,298
a7da986463a34e6780dbf76596c20dba_front_5_March_2026_13-03.jpg,298
9324d230d21b467396bd03cda2eace56_front_5_March_2026_13-07.jpg,298
86d00a2c00434d79bf2b928d8639b82c_front_5_March_2026_13-00.jpg,298
6b00c355c5114f16a946547847e00e4c_front_5_March_2026_12-57.jpg,298
c310d75797b64182bdacba652c169ca8_back_5_March_2026_13-13.jpg,298
ab43322d6087499583f761ebdb3f4efe_front_5_March_2026_13-01.jpg,298
29719020ae6b482bb6b3f80df5320783_front_5_March_2026_13-02.jpg,298
6e718bfefc53435f83cff932218dd653_left_5_March_2026_13-14.jpg,298
5a1aff7ffd3e4819b115dbbfe0baca84_left_5_March_2026_13-02.jpg,298
35c3b65296d2428f9cf7a4d5d7141764_front_5_March_2026_13-10.jpg,298
dcd2b6a5c8c146bf867b5ee1b87ab31a_front_5_March_2026_13-01.jpg,298
20b6a05aa7284c898699b08653b24ce5_left_5_March_2026_13-13.jpg,298
88711c585eb9497fae1521059060bd8d_left_5_March_2026_13-02.jpg,298
725dbd3f43294417b367f6bbf1ad5079_left_5_March_2026_13-03.jpg,298
8c621ac8a98b4f21aa461579105c30f8_front_5_March_2026_13-00.jpg,298
1e8e9095627a4eb484197a227a000f37_left_5_March_2026_13-04.jpg,298
f7503238cd434d959bb3424227e47db1_left_5_March_2026_13-00.jpg,298
e4cf98e72aa149acb1c9135a6bfb5d4e_front_5_March_2026_13-03.jpg,298
19112a901efa44fb937cceb45ba3309c_left_5_March_2026_13-10.jpg,298
5cd247b2fa5a4fa0a2fe5bd3353e0b27_left_5_March_2026_13-04.jpg,298
0b7f1503e44744b498d4c7ef22f42f46_back_5_March_2026_13-06.jpg,298
4adea006f43e43d68893c61011828407_left_5_March_2026_13-04.jpg,298
2478846f991f4231b71cde264ba57bac_front_5_March_2026_13-06.jpg,298
1e31b9c5b6204fde9bd1d8d1d308f8d3_front_5_March_2026_13-08.jpg,298
8fd8c6d3a396415fa336e3cdfcd809b0_front_5_March_2026_13-13.jpg,298
08e5e9b52c4341b5ba93d4e373e81468_front_5_March_2026_12-57.jpg,298
19ff548a3f6e4c949d58d26d77b1a0d8_back_5_March_2026_13-14.jpg,298
0737bae28afa43208a3f1a5ef2d1355f_right_5_March_2026_13-07.jpg,298
9c7e95851ce040b4be43b3019f8cb9c2_right_5_March_2026_13-14.jpg,298
195af8d89dbc4f828af5bb7a39fbab3f_front_5_March_2026_12-59.jpg,298
68d0fdd57a3448048061949fbde2f96c_front_5_March_2026_13-00.jpg,298
47c2ed6b53334dc0a28e41a9e441fc97_left_5_March_2026_13-13.jpg,298
737ce18219874bf49cd3c793c4082285_left_5_March_2026_13-03.jpg,298
fc51be454f8246bb90df1cbf8a66ff85_front_5_March_2026_13-10.jpg,298
13faf88ab7f04f36a6cd782ce452b2f9_front_5_March_2026_13-00.jpg,298
7f3527b7bab441c699543b950419c408_front_5_March_2026_12-56.jpg,298
d0b52c4370104b07885595b6db4f1474_right_5_March_2026_12-56.jpg,298
99fcb3e70c0146ec9e0e41f7064d9448_front_5_March_2026_13-01.jpg,298
18de9381e5c34fcbbbd6a06d53d5d7b9_front_5_March_2026_13-06.jpg,298
17dfb5fd1e4b4befa69949bcf58862eb_back_5_March_2026_12-59.jpg,298
65b3b2bdb41546d7851abb9890581d7e_front_5_March_2026_12-59.jpg,298
02e903d139804b5291b44f8aa5cf87b4_front_5_March_2026_12-58.jpg,298
c3edb20e13684ab3a41ef595cbae346a_right_5_March_2026_13-13.jpg,298
027ac8ee71c94574a49f6b91e08d68e9_left_5_March_2026_13-14.jpg,298
6162d3a19f724c329fee4cd35479d3f5_left_5_March_2026_13-01.jpg,298
961b05758c8c4dd99ce33f32e8670a5a_right_5_March_2026_13-07.jpg,298
6219901625b64d3d8adcf3adf72e5f80_left_5_March_2026_13-13.jpg,298
b0879e2939d94a86b39f951684e13523_left_5_March_2026_13-02.jpg,298
7e7cff68dba44198be071a4a04da6bf4_left_5_March_2026_13-02.jpg,298
69902e4468c749299cd08692b323a712_right_5_March_2026_12-58.jpg,298
71e19ded523a4b77ac969ac6d3ead04a_front_5_March_2026_13-06.jpg,298
88c842ebeffa4d09b93add490f9db015_front_5_March_2026_13-11.jpg,298
3923cd8f90ca4c49ab0eb89f5d7428bf_left_5_March_2026_13-11.jpg,298
db374be33c7a4643a264c0c4b07972d4_front_5_March_2026_12-57.jpg,298
fe9efc2aa3f6489fbe039d9823288332_front_5_March_2026_13-07.jpg,298
4a23d0b5148a4241990028c9a44660e6_front_5_March_2026_12-58.jpg,298
1b88e4884be743e7983d4ac1958bdfde_right_5_March_2026_13-07.jpg,298
b8e5b0fd7ca1463da21f213e660eaf5e_left_5_March_2026_13-07.jpg,298
6f90eb7c3e98446c8c442c94da3b6de4_front_5_March_2026_13-14.jpg,298
379f762d9eeb4534b3ddb0f3c04a3f7f_front_5_March_2026_13-02.jpg,298
4e2241c139e643e7abe0166e8e027287_right_5_March_2026_12-58.jpg,298
93a0af42111c4bd297512266bd3e9d31_front_5_March_2026_13-01.jpg,298
bd3e521215564ce8b863813014742158_front_5_March_2026_13-04.jpg,298
c961d5ffd67c47979a42e9fb1d4928d2_front_5_March_2026_12-56.jpg,298
860f8225ebad4ddf8211664b0980e5b7_left_5_March_2026_13-05.jpg,298
6cd7d70fcf3444819b18d40c5e5973d4_right_5_March_2026_12-58.jpg,298
10be03f619bd4829a846026a8f32229b_right_5_March_2026_13-06.jpg,298
1ea90ae9a7d7412ba3940bc65aa4e43d_back_5_March_2026_13-08.jpg,298
3103c9bb1f7f4ee4a92e3ff5d468af8a_front_5_March_2026_13-07.jpg,298
e30ef9834ce840f8b09ed33be0abd016_right_5_March_2026_12-58.jpg,298
a13310cb9b984953a9c544d23113f486_front_5_March_2026_13-07.jpg,298
3b2164f2679e454cb92e3f2d0dbd90f9_front_5_March_2026_13-08.jpg,298
42a286f560bd48c5b02fb8c722e7b5d0_right_5_March_2026_12-56.jpg,298
a46b178578ae41d3a042e15d2dfaaaee_front_5_March_2026_13-05.jpg,298
609d8a822ab84db7af0339ffde0c4dfe_left_5_March_2026_13-01.jpg,298
ff3e2894ecb241acb88b81afe1ce21a7_front_5_March_2026_13-06.jpg,298
aed2daeb42ba424c9277bfcfb16c11e5_front_5_March_2026_13-04.jpg,298
f3cd5687c6b941ac8fc421a4f45f23c7_right_5_March_2026_12-57.jpg,298
674328b7b7104420941a44e34375a2ba_front_5_March_2026_12-56.jpg,298
18997ed55df240caa9336eef1cc114de_left_5_March_2026_12-57.jpg,298
ea40d826924644868f33d9b72c086ed4_front_5_March_2026_13-02.jpg,298
0a5bb2ff55fd43a9ad69cc6ed663527f_front_5_March_2026_13-04.jpg,298
007b8eb36bbc4cc2b167fb1960350e6a_front_5_March_2026_13-10.jpg,298
abe00fbcc7204bebb9e2057a28860537_front_5_March_2026_13-06.jpg,298
56ebc9d5dcd94fb78de1e7d58f6e7b7b_left_5_March_2026_13-01.jpg,298
9d0aa9a1fa364cc7928122bccbba1a43_front_5_March_2026_13-00.jpg,298
a5b4809422664ce98aed05d87fb64cc2_front_5_March_2026_12-57.jpg,298
bf03e540741749a49c5cc5cb58a4335a_front_5_March_2026_13-08.jpg,298
0484cd55077440b89921ff7f0247671a_left_5_March_2026_13-03.jpg,298
d58ca93af6104e20b1441889793b875b_left_5_March_2026_13-00.jpg,298
41eacc369614417ca3fa5b4d7270aa1e_front_5_March_2026_13-06.jpg,298
7f21ec4d69a84b19a272825bf4ce5168_front_5_March_2026_12-56.jpg,298
df90ec4a65dc4d09b638ab218532c073_front_5_March_2026_13-07.jpg,298
137a1c4b7d9047a2ac5fad68dca07c34_back_5_March_2026_13-15.jpg,298
fca99175586f44f78c5a2ff0a28c0d54_front_5_March_2026_13-07.jpg,298
ecc21f94ddfe46ae916f4ecc82591d52_right_5_March_2026_12-57.jpg,298
777792e8b86d4f11a28e37b1dd5e1d93_front_5_March_2026_13-00.jpg,298
2c75b9dffe904f2ba01e7194c220bf6b_front_5_March_2026_13-09.jpg,298
1b81499856df49858d2f837de745cda0_front_5_March_2026_13-02.jpg,298
0744b989bdac4ff7aeced2fcae68962b_left_5_March_2026_12-58.jpg,298
c1ff554aa4044c40835eec8f5ea622fa_front_5_March_2026_13-14.jpg,298
8a7ec317e8ac4d75a37ec0728d50fcd8_front_5_March_2026_12-56.jpg,298
d858cd150085427c9c2fb1f6292d4daa_front_5_March_2026_12-57.jpg,298
078f2843d0364ac4a3d9cc5cd4320c6c_front_5_March_2026_12-56.jpg,298
5dca5adbff8044f4ba93692ff9477975_left_5_March_2026_12-57.jpg,298
411e4d6234bd4bdbb96cb3e6598d6654_back_5_March_2026_13-14.jpg,298
36c6ab1dfefe4cda8027c23e699e8f61_right_5_March_2026_13-00.jpg,298
1c76c3ed44204a89ba2af51519e6ff01_left_5_March_2026_13-07.jpg,298
39124e8e6ee247469bfa1eda38338a2e_back_5_March_2026_12-58.jpg,298
5ce267f4343546498ee786ddfb288181_front_5_March_2026_13-06.jpg,298
f1f097b271ba4d91b7740f3fbc55b8e9_left_5_March_2026_13-07.jpg,298
06414b449181428ea88880eb3110aba2_front_5_March_2026_13-13.jpg,298
04981555861f47f09ceafd1aada70941_front_5_March_2026_12-56.jpg,298
cfa574aa4a744855badc57382a5f3ad1_left_5_March_2026_13-02.jpg,298
3fd6812ae1ab464dae661696534a97ee_right_5_March_2026_13-07.jpg,298
f5858bea25124268bd635db452f64568_left_5_March_2026_13-03.jpg,298
df5dd2fe764646dca5c315efe2045b69_front_5_March_2026_12-58.jpg,298
522f701ac3fe43f4a622f8935c7a44ef_right_5_March_2026_13-14.jpg,298
f7276064208e419991565dce6b8870fc_back_5_March_2026_13-06.jpg,298
36c1d78b08ac41379f3bc694c3e0bcae_front_5_March_2026_13-12.jpg,298
5a2c1066f21b47abbee725417efe885c_front_5_March_2026_13-03.jpg,298
8d7223cc90504693b123a3d5188da96e_left_5_March_2026_13-02.jpg,298
8284c92d978a402e96f449bb50ffad6a_left_5_March_2026_13-10.jpg,298
5b462fddf04442bfa0e7116585e21fbf_front_5_March_2026_13-13.jpg,298
d573557e734a487180a77f438e024a16_right_5_March_2026_12-57.jpg,298
28991d46fb254ad1b040068c9f33841d_front_5_March_2026_13-08.jpg,298
2dc5f79b120a40389c2eb92002fc36c1_left_5_March_2026_13-12.jpg,298
8c42f179527b4430976ac901943fc02c_back_5_March_2026_13-14.jpg,298
b5cda3746b4c4158ad45b6bf6dc2fb81_left_5_March_2026_13-13.jpg,298
fdbb3f366d564b16a962d45fe351ed63_back_5_March_2026_13-14.jpg,298
d86efae0818b44668eef0cb38f465ad4_front_5_March_2026_12-56.jpg,298
d868d95e75174b41b9d88ec0437c4bcd_left_5_March_2026_13-01.jpg,298
8ae86be929b14fc5bdc031b345cb97f3_front_5_March_2026_13-07.jpg,298
738d187488dc44049db2e3fd8f3227c4_front_5_March_2026_12-57.jpg,298
c42707ae48ac43b8b56fc89872bbdbf2_front_5_March_2026_12-57.jpg,298
6a3d8bdd1ab445b2914123b59dae9544_front_5_March_2026_13-15.jpg,298
ad4db241125340898fba6d2981cca96d_front_5_March_2026_13-14.jpg,298
5ea64f35d2674f22b10fb95c5c461003_right_5_March_2026_12-56.jpg,298
90508b5732b645b988ff46687e270f50_front_5_March_2026_13-06.jpg,298
a7e8f5d07e7143a89e11f54091305626_front_5_March_2026_13-13.jpg,298
48c29a244eea41ac9e94c4400bd7dd16_front_5_March_2026_13-15.jpg,0
5032ce5744a24a8b8826ce6950ddcc85_front_5_March_2026_12-59.jpg,0
9563b1a00a0a4478bde2d76bbff9a1d7_left_5_March_2026_13-06.jpg,0
8ee7ae76b8024f2b9e936274fd5cbad9_back_5_March_2026_13-07.jpg,0
cc76712290b842f5b33a160fd7f98435_left_5_March_2026_12-58.jpg,0
78529e4998e44cc8af972c0928e8ac62_left_5_March_2026_13-10.jpg,0
b39cef72f42941778f6667dee26f8783_front_5_March_2026_13-16.jpg,0
bb0f721358b74669a37d69e412589e57_right_5_March_2026_13-13.jpg,0
5296c09ad5c2410c845282515b9e710a_left_5_March_2026_13-07.jpg,0
b1682dd352914a67a448b53afa94de07_front_5_March_2026_13-14.jpg,0
8c2d236f4d384af1828e8771d7b078a5_right_5_March_2026_13-15.jpg,0
310d0683b8b8411e8c129ac1f6b8c20a_left_5_March_2026_13-06.jpg,0
ea84280d9162431d9b3f370554a065b0_right_5_March_2026_12-58.jpg,0
85d93c45f9224f848097efe704b3ebae_left_5_March_2026_13-10.jpg,0
34f4511affd2482b9f644fd5b37ef9d3_right_5_March_2026_13-02.jpg,0
657709ccc7b24a338d2413ea509dd0c7_right_5_March_2026_13-06.jpg,0
6054bb60383c429096ca3efa3a33ad08_front_5_March_2026_13-11.jpg,0
e0135089494044f4a96f124aee628098_front_5_March_2026_13-05.jpg,0
36ba8302f81b4758b85de482488da3ae_back_5_March_2026_13-13.jpg,0
09844ed97aac4f038f4881029300c05e_left_5_March_2026_13-08.jpg,0
cf2fb6586d634f35b9edfa8f8407f72b_front_5_March_2026_13-07.jpg,0
b4bad2a9ccfa412ab9f97b16fe109d6e_back_5_March_2026_13-13.jpg,0
158ad45115314ae4980baf1bd9be46e6_right_5_March_2026_13-10.jpg,0
1c44cbe36fa24b57b77f78ae7c45474c_left_5_March_2026_12-57.jpg,0
c752f206b3a54cb291d792058f41291f_right_5_March_2026_13-08.jpg,0
37d87cb421984597bdbbad9872ae702b_back_5_March_2026_13-05.jpg,0
f81c334e91ef4f18a44e9a97c35d3d10_back_5_March_2026_13-07.jpg,0
3f16b74769b74b57a1590506dd91b590_right_5_March_2026_13-06.jpg,0
16f5548bcb484128b09704d30ab0697c_right_5_March_2026_12-59.jpg,0
77bbfa5dfe844a629defed3074707264_right_5_March_2026_13-00.jpg,0
b08c97d1e574446eadb3d87af676ff61_left_5_March_2026_13-14.jpg,0
6b271701a0704143a9db8dcf09ffc25e_back_5_March_2026_13-04.jpg,0
0479176e80c84c80b7f608d444b21dce_left_5_March_2026_13-00.jpg,0
c562e94a2f9142988ff2ea846bb9db8b_back_5_March_2026_13-02.jpg,0
03b360e84baa45a9800fb14df9fa6966_left_5_March_2026_13-10.jpg,0
3e5e3f90f5734c00ba4e95a756d05ff6_right_5_March_2026_13-12.jpg,0
852e17a4ac5e44eaad18c6ca8de5fe5d_left_5_March_2026_13-14.jpg,0
2ddc775988204b9894d48de3b9fa0bad_back_5_March_2026_13-14.jpg,0
b0e1e39bfcc947819b9abc248d122729_back_5_March_2026_13-06.jpg,0
21d0a06cf0cb4b269b4d7fba030902c6_front_5_March_2026_13-14.jpg,0
169c9c437a2b406b8bcbdda05df602f3_back_5_March_2026_13-10.jpg,0
aec3919cc5824e2493d574551f8116f3_right_5_March_2026_13-11.jpg,0
d049f1f268574cb8990ac0d7d6e0c0f3_left_5_March_2026_13-13.jpg,0
a2bc010b8b7e4e458490e25f2dd1f614_back_5_March_2026_13-08.jpg,0
67530e10172c4a04b5243afdc0b969a0_left_5_March_2026_13-14.jpg,0
8d2e2fc3d56a47479ba7e1dd991ee953_right_5_March_2026_12-57.jpg,0
53497969898947dbbac67e4a17f8332b_left_5_March_2026_13-09.jpg,0
d9e29a59bec54332ad54a9905638be93_right_5_March_2026_12-58.jpg,0
9ffe95671742469086c00fbb45962cc7_right_5_March_2026_13-08.jpg,0
18bbcb26c1114adaa63ea0262517b95a_left_5_March_2026_12-57.jpg,0
4d0934a050b54280b9d950482e547fa9_left_5_March_2026_12-56.jpg,0
9ec02dca2b4149cd9bb3d4526206a06a_left_5_March_2026_12-59.jpg,0
2b5a583cd7754dd79145eb5e6c314e4f_front_5_March_2026_13-08.jpg,0
ba4b20eef7bd4fd4a5a70b4162b1d3b4_right_5_March_2026_13-04.jpg,0
bf846d486a474aaa88126f0bbe3d3060_left_5_March_2026_12-58.jpg,0
3b2eb9d03a414eeda51f569976db2d14_right_5_March_2026_12-55.jpg,0
9a567901a8f04815890be45870ff4c8e_right_5_March_2026_13-04.jpg,0
4bfce89d9ae44d8e8ebc3c07590b2de1_left_5_March_2026_12-58.jpg,0
b4eb7192e012436a92cb02195a724144_front_5_March_2026_12-59.jpg,0
01ac6461e37f4ee1a2ada6d8ec472aec_front_5_March_2026_13-08.jpg,0
bd5455fc3ee44d3a937ed381ec66d6d4_left_5_March_2026_13-06.jpg,0
343090a7b89d45778a9d40f11d97590a_back_5_March_2026_13-10.jpg,0
9d65a69f578f4b2b9c7023c532b73f15_left_5_March_2026_13-08.jpg,0
c2096e1e23b04b218ba224650f10c749_right_5_March_2026_13-14.jpg,0
11ae4a14aaf14456a07dc89d66ec1046_left_5_March_2026_13-07.jpg,0
9e64d42027ca4fd69e3976171c509018_front_5_March_2026_13-11.jpg,0
1517b547d8f445bb977e84f2f979287f_left_5_March_2026_13-07.jpg,0
d30febb793d347dbac48072cb46cdfbe_right_5_March_2026_12-57.jpg,0
2b95fa3882b443218679c4d1241a7b16_back_5_March_2026_13-09.jpg,0
21eff1fbd9fc45838042c2a20512fec9_right_5_March_2026_13-06.jpg,0
741c63da7fa64e69a4ef33209e17e04c_back_5_March_2026_13-12.jpg,0
1e504d6f82374d28808e61a1a715fca8_front_5_March_2026_12-59.jpg,0
dbd32faeb6234096885304279494a1a7_right_5_March_2026_13-00.jpg,0
7c061a5e001a48f49271328a4da319b1_right_5_March_2026_12-56.jpg,0
d362402d7fed4427bf261a265ffab7b5_back_5_March_2026_13-12.jpg,0
458e7ac7fbba4a12ba7060bf68967bc1_right_5_March_2026_13-13.jpg,0
3c81f81c49ab4eca837de5ad68ff170d_back_5_March_2026_13-10.jpg,0
85de2681cddf42bab4bff967215ca7a3_back_5_March_2026_12-58.jpg,0
c077a367d28946fca6da466b387aea18_back_5_March_2026_12-57.jpg,0
82d8b98542c4457292ce027e4d4ff413_right_5_March_2026_13-14.jpg,0
b61d7e440bdb4b588621c94ffe777808_left_5_March_2026_12-56.jpg,0
92c76c7ba2d64780a5ead4a43005147f_right_5_March_2026_13-04.jpg,0
895a98d75f3e4bdbbfb3fb864e39de54_back_5_March_2026_13-14.jpg,0
32037bc8c77e4d178b165e910859f53f_left_5_March_2026_12-58.jpg,0
63c9fedb620648a9ac8c057dd7bc4202_front_5_March_2026_12-55.jpg,0
417c8aa2aecf4ebcb69ae1a43b2bab2d_left_5_March_2026_13-06.jpg,0
36648cda1f38427c8e091d9037cf049b_left_5_March_2026_13-00.jpg,0
cf0e5f821d0d4643999e04c41fdf6bf9_back_5_March_2026_13-04.jpg,0
19e72f3b77de434a83dd39b4cb59bfe7_right_5_March_2026_13-08.jpg,0
73e6c345257e42909cd3a249346aecf5_front_5_March_2026_13-12.jpg,0
03dd8b24cb0f478ca01da9b81a0b4a51_left_5_March_2026_12-59.jpg,0
9bebf7c8b27a4d4580b1014731bd70a1_right_5_March_2026_12-56.jpg,0
1a2e3ee425b54b8894c431717c71960e_right_5_March_2026_13-07.jpg,0
0ed6b4b1d109497c96a986d64e3ce29b_back_5_March_2026_13-16.jpg,0
3e1c1609b07b4d5fbf8ffdfde12c034c_back_5_March_2026_12-57.jpg,0
6b49aa80d0844107a6629fbffd633ce6_back_5_March_2026_12-59.jpg,0
540820bcae604a93a53f08d655a4fdef_back_5_March_2026_12-56.jpg,0
9e15b1debd9844f68d69f93a9016a4ba_left_5_March_2026_13-06.jpg,0
cb55dd621b274306ad53a512e5fbc350_left_5_March_2026_13-04.jpg,0
8f3e5a24d32e4de2885153a025706444_right_5_March_2026_13-08.jpg,0
f1532b1bf6bc480e9e64f0f3d07c32c0_right_5_March_2026_12-57.jpg,0
eebb9298a52246eb83cf52c384dc0f4c_front_5_March_2026_12-59.jpg,0
e08894d38e884c73b98b29aa8e6ee371_front_5_March_2026_13-07.jpg,0
371bf40381914eaf8f30d1631aca1ab9_back_5_March_2026_12-57.jpg,0
8843de8406604e73ae1d65283b3d229b_right_5_March_2026_13-02.jpg,0
c7c3b0a572064db9905ded04c1b29653_back_5_March_2026_12-56.jpg,0
9bfb6192918e4c4b84a5cf567dc44c12_left_5_March_2026_12-57.jpg,0
be44e3630cf14b50a07d1fed083954d5_left_5_March_2026_12-56.jpg,0
9be7ddef68a344469c56b94fb5b8c120_right_5_March_2026_13-06.jpg,0
70bf80c7dca94cf4a021d7fbfd266b2a_left_5_March_2026_13-07.jpg,0
25db8cd80f4e494b9a23494980b90723_left_5_March_2026_12-58.jpg,0
a986144d6ea0408195f949c50f3ee641_right_5_March_2026_13-12.jpg,0
a7207e04ad6e48318827b3b1ea356201_back_5_March_2026_12-59.jpg,0
936f2a7d81e04784a272e3fa038a863c_right_5_March_2026_12-59.jpg,0
6fecddd8515b4a11be910c72ff1f5443_left_5_March_2026_12-58.jpg,0
fd70adabf50b43949b03c042bba57f6b_back_5_March_2026_12-57.jpg,0
56907138e3ae4c25aa43d55ae7c41109_left_5_March_2026_13-10.jpg,0
f105b96c963642be99e8d96598cbb3b7_left_5_March_2026_12-56.jpg,0
d701692ee66b47b0bfb075200cb8d44d_back_5_March_2026_13-08.jpg,0
486d3e7027184bf5ba7eca2e978f7a50_left_5_March_2026_13-07.jpg,0
e23cab7831f64b71b4c064607a4acaba_left_5_March_2026_12-58.jpg,0
4dc56ed2c3ba4ebeb50ed6655d5af757_right_5_March_2026_13-04.jpg,0
71e6f67bd0b148ba8a65bb75df3f0b69_back_5_March_2026_13-06.jpg,0
44279565a4f3459da5e1afc3d783c5ef_left_5_March_2026_12-57.jpg,0
b2a909b46a094c4da700554e8ae28bfc_right_5_March_2026_13-02.jpg,0
8674989610104a1f93865c2fee7ef144_front_5_March_2026_12-58.jpg,0
8ec2600d57a74bcbaf8dc4b58e328328_left_5_March_2026_13-08.jpg,0
2db82561de134dd2832adeba53d6cbaa_right_5_March_2026_13-03.jpg,0
b2352c5a219f45ff8b985885d9923517_front_5_March_2026_12-58.jpg,0
9edd6b20f0e34ecebdce5e4a4de3217e_right_5_March_2026_13-07.jpg,0
3460fa4815814b18afe6427fc680dea0_right_5_March_2026_13-00.jpg,0
d62db248cfc8439ca3df7b99ca12b7ee_right_5_March_2026_12-56.jpg,0
350afbf1136d4f36bcea6eb03ebd2485_left_5_March_2026_13-09.jpg,0
2bb9c025b41c41c3b2b924b32d9178ae_right_5_March_2026_13-01.jpg,0
1d8399182b30475b85dfeb4674bb8c5a_right_5_March_2026_13-10.jpg,0
bf22a3ce19304e78818b6df0505712a0_back_5_March_2026_12-56.jpg,0
fb524f8886ce4d5ab366c24ccf41af8a_left_5_March_2026_13-15.jpg,0
dd4bec7f68ae4fd8ad9df773457a0d13_left_5_March_2026_12-57.jpg,0
005cc92de4794b4d9259d80c5812d72d_right_5_March_2026_13-00.jpg,0
f315ed782785400799572c591e4e654f_left_5_March_2026_13-08.jpg,0
8685e469f5614436b5bc1d7eec2602a9_left_5_March_2026_13-10.jpg,0
4d7d8cfb6c044c8184024875ba5594e7_right_5_March_2026_13-02.jpg,0
151bb61f4ffc4c948f32cc4fbb1de3ec_right_5_March_2026_13-08.jpg,0
6579c280736640e0bba49bb620138112_left_5_March_2026_13-00.jpg,0
ad7d48bf3835461baaf99b0ab2348aed_right_5_March_2026_13-15.jpg,0
a219c91ee5424bfa8faa71947112bd13_left_5_March_2026_12-57.jpg,0
ed44ca056fdf485880039504a261c1b6_left_5_March_2026_13-12.jpg,0
51e586dc2689474c9e4618646f0889b9_left_5_March_2026_12-59.jpg,0
29b91c296e32445799af98add3a9cd70_right_5_March_2026_13-13.jpg,0
485f28d3602e42ac9c76b4feb9fbcc3a_right_5_March_2026_13-06.jpg,0
731a0ecdd1744e5885c3db0d06f766b2_right_5_March_2026_13-08.jpg,0
87bac298276c4084bff13d35cf49145b_right_5_March_2026_13-11.jpg,0
403f02740e194b1eb22723356b34528b_back_5_March_2026_13-03.jpg,0
bb1cf85fa0694e66bc86d400263041ae_left_5_March_2026_13-14.jpg,0
a0295ffb71744dc99cb63e76a4d5b82f_right_5_March_2026_13-04.jpg,0
de2fddb4f872472b8c3b134ace075fec_right_5_March_2026_13-14.jpg,0
5a0c723c6f8e47b7af50611e6d895f80_left_5_March_2026_13-07.jpg,0
43b02e0dc34c4305bc5402b6b213ca36_left_5_March_2026_12-59.jpg,0
81e45a168da443ba9c851bab1047f02f_back_5_March_2026_12-56.jpg,0
98331267b5f1463e9bf897895af76589_right_5_March_2026_13-06.jpg,0
55edae020ced479e842bf12a078cc185_right_5_March_2026_13-06.jpg,0
e9cefdca2aff4b4997a5540a22b06867_right_5_March_2026_13-13.jpg,0
69e6153247c94a65a7d2681646e03692_back_5_March_2026_12-55.jpg,0
5d1f5501c76d426f810e173b4a3d6343_back_5_March_2026_12-59.jpg,0
42e4b4a2ad1a4507b9b6e5ec2aef2be5_front_5_March_2026_12-58.jpg,0
799863bad6d6415bb97bf276268e64d2_left_5_March_2026_12-56.jpg,0
7014565a4b854c75911192d2d559e1aa_right_5_March_2026_13-14.jpg,0
68078420bd994fd49ae4176314c6e031_right_5_March_2026_13-13.jpg,0
3adb1d733cb2481c8b1fb42fa34bad00_right_5_March_2026_13-08.jpg,0
96c2c909c4da44c4a2c6e8734f61ef1b_left_5_March_2026_13-14.jpg,0
eeba7b1133944ad3838ca491984be1c3_right_5_March_2026_12-57.jpg,0
e1622961ee3647cf86dd3fe47cf06fd0_back_5_March_2026_13-02.jpg,0
1e8aacd99051463a85d8a30c999bd7e6_right_5_March_2026_12-55.jpg,0
47bb36464c8b4abaa7e244209adb136f_back_5_March_2026_13-02.jpg,0
cd7193ea1bbe4c84b37ffc7faf9916df_right_5_March_2026_13-13.jpg,0
2a65bcd701ae40da97b84a85fe060b25_back_5_March_2026_13-01.jpg,0
3327287f79084f3ab16da30e4c8bccb1_back_5_March_2026_13-04.jpg,0
5ecfcd24056e41a9872531658f1702e3_front_5_March_2026_13-14.jpg,0
eedd322f6dd446449ac6330bd957b98c_left_5_March_2026_13-06.jpg,0
b96ddbcfb9154527a19b0d8eb3b63feb_back_5_March_2026_13-06.jpg,0
97e8409206304674ad7fe0871e157d34_front_5_March_2026_13-14.jpg,0
ca36d5d0685a4f91b1a8ae1960eb6326_left_5_March_2026_13-14.jpg,0
d5f2802e278f410a94627a0696a43e35_right_5_March_2026_13-07.jpg,0
bdfab45b1e43469bb146c483c65e6705_right_5_March_2026_13-14.jpg,0
4d4c7a8f3b33453a9055c02fd5862055_right_5_March_2026_13-02.jpg,0
394070d3d4714a1fb03e297f25226f2e_left_5_March_2026_13-09.jpg,0
f56942ba82bb4003819fcaf3f5c68653_right_5_March_2026_13-10.jpg,0
664421766b704415911ce06fc20a1953_front_5_March_2026_12-58.jpg,0
5c5f15f856194230a0bea1dfd54bc50b_right_5_March_2026_13-08.jpg,0
a1b1b6da4b11472b890dc6f3b8550631_left_5_March_2026_13-08.jpg,0
d79097ba75944e4d8cc8896dfe1f82bb_left_5_March_2026_13-08.jpg,0
eea90f0567034fde8d8399e218737a29_back_5_March_2026_12-58.jpg,0
f6ccad8b611a4ec6b7374771f979f721_left_5_March_2026_13-08.jpg,0
38cb7f330fc9408491a48f363ae47171_back_5_March_2026_12-56.jpg,0
1488fc31bc01486aa0845c96c4b95c51_right_5_March_2026_13-06.jpg,0
f1bcdb9486b040269c4daccb01bd115e_right_5_March_2026_12-59.jpg,0
f3de24a9e97c4559994733922c4ec07b_left_5_March_2026_12-56.jpg,0
d302eb48819046eeabab163d1b000957_left_5_March_2026_12-59.jpg,0
36cb42b144064355827a6c5b8278a91d_right_5_March_2026_13-10.jpg,0
2c23b24d65364b7caaf217ef202e9733_left_5_March_2026_13-06.jpg,0
85b351c5f23e4a81bb21f10fe074aa28_right_5_March_2026_13-07.jpg,0
76f5bc9b565d47729577768897131c76_left_5_March_2026_12-58.jpg,0
3b1195a9a49c43cfb5f22a3bd7ca4b95_left_5_March_2026_13-06.jpg,0
a9cbcdf3b468495794c284543a182873_back_5_March_2026_12-56.jpg,0
375ba22c31754985a0c3ad616c094dc5_right_5_March_2026_12-57.jpg,0
d78ac9831d004215b8d57d744a6348f2_left_5_March_2026_13-06.jpg,0
084e40dfa9e843a6900ec2877a4ac2fd_left_5_March_2026_13-13.jpg,0
7e67c533928141c4bc8cb0a17cdbf08a_right_5_March_2026_12-59.jpg,0
57c195f552ca4bad89f4e7fb6f9e4ebe_left_5_March_2026_13-00.jpg,0
28ddd188265b405e89fac5f2fb2208de_left_5_March_2026_12-57.jpg,0
77e14067abcb44e1846d2a7bcd6f3076_right_5_March_2026_13-00.jpg,0
fa68e8ad6ef84a2bb52c9d1300c6becf_left_5_March_2026_13-06.jpg,0
d4386f32a7d54c339d56898f544e553a_back_5_March_2026_13-07.jpg,0
b4904b7aa9ec4313b4bd8a5c674bd796_front_5_March_2026_12-58.jpg,0
80f2b9fc3cb14cbfaf4035559c0ce0ac_front_5_March_2026_13-14.jpg,0
