ID,OrgKey,MissionRunId,PoiId,Timestamp,Latitude,Longitude,ReviewStatus,DeletedTimestamp,Heading,RobotKey,ReviewedTimestamp,ReviewedUser,ExpectedImages,ReviewOpenTimestamp,ReviewPriority
3b2eb9d03a414eeda51f569976db2d14,TEST,uLhtqXoA9PU-MrRuGixAu,continuous,"5 March, 2026, 12:55",46.53172200° N,6.60058000° E,OPEN,,312,coco-59,,,"[""right""]","5 March, 2026, 12:55",1
69e6153247c94a65a7d2681646e03692,TEST,uLhtqXoA9PU-MrRuGixAu,continuous,"5 March, 2026, 12:55",46.53172500° N,6.60049000° E,OPEN,,124,coco-59,,,"[""back""]","5 March, 2026, 12:55",1
63c9fedb620648a9ac8c057dd7bc4202,TEST,uLhtqXoA9PU-MrRuGixAu,continuous,"5 March, 2026, 12:55",46.53179400° N,6.60043700° E,OPEN,,345,coco-59,,,"[""front""]","5 March, 2026, 12:55",1
1e8aacd99051463a85d8a30c999bd7e6,TEST,uLhtqXoA9PU-MrRuGixAu,continuous,"5 March, 2026, 12:55",46.53184900° N,6.60043000° E,OPEN,,69,coco-59,,,"[""right""]","5 March, 2026, 12:55",1
c961d5ffd67c47979a42e9fb1d4928d2,TEST,uLhtqXoA9PU-MrRuGixAu,continuous,"5 March, 2026, 12:56",46.53197000° N,6.60036000° E,OPEN,,248,coco-59,,,"[""front""]","5 March, 2026, 12:56",1
9bebf7c8b27a4d4580b1014731bd70a1,TEST,uLhtqXoA9PU-MrRuGixAu,continuous,"5 March, 2026, 12:56",46.53197100° N,6.60035900° E,OPEN,,3,coco-59,,,"[""right""]","5 March, 2026, 12:56",1
8a7ec317e8ac4d75a37ec0728d50fcd8,TEST,uLhtqXoA9PU-MrRuGixAu,,"5 March, 2026, 12:56",46.53197100° N,6.60037600° E,OPEN,,269,coco-59,,,"[""front"" ""thermal""]","5 March, 2026, 12:56",2
bf22a3ce19304e78818b6df0505712a0,TEST,uLhtqXoA9PU-MrRuGixAu,,"5 March, 2026, 12:56",46.53197100° N,6.60037600° E,OPEN,,89,coco-59,,,"[""back""]","5 March, 2026, 12:56",2
7c061a5e001a48f49271328a4da319b1,TEST,uLhtqXoA9PU-MrRuGixAu,,"5 March, 2026, 12:56",46.53197100° N,6.60037600° E,OPEN,,359,coco-59,,,"[""right""]","5 March, 2026, 12:56",2
799863bad6d6415bb97bf276268e64d2,TEST,uLhtqXoA9PU-MrRuGixAu,,"5 March, 2026, 12:56",46.53197100° N,6.60037600° E,OPEN,,179,coco-59,,,"[""left""]","5 March, 2026, 12:56",2
81e45a168da443ba9c851bab1047f02f,TEST,uLhtqXoA9PU-MrRuGixAu,continuous,"5 March, 2026, 12:56",46.53197100° N,6.60037600° E,OPEN,,89,coco-59,,,"[""back""]","5 March, 2026, 12:56",1
7f3527b7bab441c699543b950419c408,TEST,uLhtqXoA9PU-MrRuGixAu,,"5 March, 2026, 12:56",46.53197000° N,6.60034500° E,OPEN,,268,coco-59,,,"[""front"" ""thermal""]","5 March, 2026, 12:56",2
c7c3b0a572064db9905ded04c1b29653,TEST,uLhtqXoA9PU-MrRuGixAu,,"5 March, 2026, 12:56",46.53197000° N,6.60034500° E,OPEN,,88,coco-59,,,"[""back""]","5 March, 2026, 12:56",2
d62db248cfc8439ca3df7b99ca12b7ee,TEST,uLhtqXoA9PU-MrRuGixAu,,"5 March, 2026, 12:56",46.53197000° N,6.60034500° E,OPEN,,358,coco-59,,,"[""right""]","5 March, 2026, 12:56",2
be44e3630cf14b50a07d1fed083954d5,TEST,uLhtqXoA9PU-MrRuGixAu,,"5 March, 2026, 12:56",46.53197000° N,6.60034500° E,OPEN,,178,coco-59,,,"[""left""]","5 March, 2026, 12:56",2
078f2843d0364ac4a3d9cc5cd4320c6c,TEST,uLhtqXoA9PU-MrRuGixAu,continuous,"5 March, 2026, 12:56",46.53197000° N,6.60031200° E,OPEN,,275,coco-59,,,"[""front""]","5 March, 2026, 12:56",1
d86efae0818b44668eef0cb38f465ad4,TEST,uLhtqXoA9PU-MrRuGixAu,,"5 March, 2026, 12:56",46.53197000° N,6.60031200° E,OPEN,,275,coco-59,,,"[""front"" ""thermal""]","5 March, 2026, 12:56",2
38cb7f330fc9408491a48f363ae47171,TEST,uLhtqXoA9PU-MrRuGixAu,,"5 March, 2026, 12:56",46.53197000° N,6.60031200° E,OPEN,,95,coco-59,,,"[""back""]","5 March, 2026, 12:56",2
5ea64f35d2674f22b10fb95c5c461003,TEST,uLhtqXoA9PU-MrRuGixAu,,"5 March, 2026, 12:56",46.53197000° N,6.60031200° E,OPEN,,5,coco-59,,,"[""right""]","5 March, 2026, 12:56",2
4d0934a050b54280b9d950482e547fa9,TEST,uLhtqXoA9PU-MrRuGixAu,,"5 March, 2026, 12:56",46.53197000° N,6.60031200° E,OPEN,,185,coco-59,,,"[""left""]","5 March, 2026, 12:56",2
04981555861f47f09ceafd1aada70941,TEST,uLhtqXoA9PU-MrRuGixAu,,"5 March, 2026, 12:56",46.53197000° N,6.60028300° E,OPEN,,274,coco-59,,,"[""front"" ""thermal""]","5 March, 2026, 12:56",2
540820bcae604a93a53f08d655a4fdef,TEST,uLhtqXoA9PU-MrRuGixAu,,"5 March, 2026, 12:56",46.53197000° N,6.60028300° E,OPEN,,94,coco-59,,,"[""back""]","5 March, 2026, 12:56",2
d0b52c4370104b07885595b6db4f1474,TEST,uLhtqXoA9PU-MrRuGixAu,,"5 March, 2026, 12:56",46.53197000° N,6.60028300° E,OPEN,,4,coco-59,,,"[""right""]","5 March, 2026, 12:56",2
f3de24a9e97c4559994733922c4ec07b,TEST,uLhtqXoA9PU-MrRuGixAu,,"5 March, 2026, 12:56",46.53197000° N,6.60028300° E,OPEN,,184,coco-59,,,"[""left""]","5 March, 2026, 12:56",2
b61d7e440bdb4b588621c94ffe777808,TEST,uLhtqXoA9PU-MrRuGixAu,continuous,"5 March, 2026, 12:56",46.53197000° N,6.60028200° E,OPEN,,184,coco-59,,,"[""left""]","5 March, 2026, 12:56",1
7f21ec4d69a84b19a272825bf4ce5168,TEST,uLhtqXoA9PU-MrRuGixAu,continuous,"5 March, 2026, 12:56",46.53197000° N,6.60028500° E,OPEN,,272,coco-59,,,"[""front""]","5 March, 2026, 12:57",1
674328b7b7104420941a44e34375a2ba,TEST,uLhtqXoA9PU-MrRuGixAu,,"5 March, 2026, 12:56",46.53197000° N,6.60028600° E,OPEN,,270,coco-59,,,"[""front"" ""thermal""]","5 March, 2026, 12:57",2
a9cbcdf3b468495794c284543a182873,TEST,uLhtqXoA9PU-MrRuGixAu,,"5 March, 2026, 12:56",46.53197000° N,6.60028600° E,OPEN,,90,coco-59,,,"[""back""]","5 March, 2026, 12:57",2
42a286f560bd48c5b02fb8c722e7b5d0,TEST,uLhtqXoA9PU-MrRuGixAu,,"5 March, 2026, 12:56",46.53197000° N,6.60028600° E,OPEN,,0,coco-59,,,"[""right""]","5 March, 2026, 12:57",2
f105b96c963642be99e8d96598cbb3b7,TEST,uLhtqXoA9PU-MrRuGixAu,,"5 March, 2026, 12:56",46.53197000° N,6.60028600° E,OPEN,,180,coco-59,,,"[""left""]","5 March, 2026, 12:57",2
ab925dd3494448fcb3d08ea1a851a747,TEST,uLhtqXoA9PU-MrRuGixAu,,"5 March, 2026, 12:57",46.53197100° N,6.60031600° E,OPEN,,274,coco-59,,,"[""front"" ""thermal""]","5 March, 2026, 12:57",2
371bf40381914eaf8f30d1631aca1ab9,TEST,uLhtqXoA9PU-MrRuGixAu,,"5 March, 2026, 12:57",46.53197100° N,6.60031600° E,OPEN,,94,coco-59,,,"[""back""]","5 March, 2026, 12:57",2
f3cd5687c6b941ac8fc421a4f45f23c7,TEST,uLhtqXoA9PU-MrRuGixAu,,"5 March, 2026, 12:57",46.53197100° N,6.60031600° E,OPEN,,4,coco-59,,,"[""right""]","5 March, 2026, 12:57",2
44279565a4f3459da5e1afc3d783c5ef,TEST,uLhtqXoA9PU-MrRuGixAu,,"5 March, 2026, 12:57",46.53197100° N,6.60031600° E,OPEN,,184,coco-59,,,"[""left""]","5 March, 2026, 12:57",2
3e1c1609b07b4d5fbf8ffdfde12c034c,TEST,uLhtqXoA9PU-MrRuGixAu,continuous,"5 March, 2026, 12:57",46.53197100° N,6.60034200° E,OPEN,,104,coco-59,,,"[""back""]","5 March, 2026, 12:57",1
738d187488dc44049db2e3fd8f3227c4,TEST,uLhtqXoA9PU-MrRuGixAu,,"5 March, 2026, 12:57",46.53197000° N,6.60034300° E,OPEN,,282,coco-59,,,"[""front"" ""thermal""]","5 March, 2026, 12:57",2
3353bf5a283b428a889b7d64aa4b6fc2,TEST,uLhtqXoA9PU-MrRuGixAu,,"5 March, 2026, 12:57",46.53197000° N,6.60034300° E,OPEN,,102,coco-59,,,"[""back""]","5 March, 2026, 12:57",2
eeba7b1133944ad3838ca491984be1c3,TEST,uLhtqXoA9PU-MrRuGixAu,,"5 March, 2026, 12:57",46.53197000° N,6.60034300° E,OPEN,,12,coco-59,,,"[""right""]","5 March, 2026, 12:57",2
dd4bec7f68ae4fd8ad9df773457a0d13,TEST,uLhtqXoA9PU-MrRuGixAu,,"5 March, 2026, 12:57",46.53197000° N,6.60034300° E,OPEN,,192,coco-59,,,"[""left""]","5 March, 2026, 12:57",2
d858cd150085427c9c2fb1f6292d4daa,TEST,uLhtqXoA9PU-MrRuGixAu,,"5 March, 2026, 12:57",46.53197100° N,6.60034400° E,OPEN,,298,coco-59,,,"[""front"" ""thermal""]","5 March, 2026, 12:57",2
5581d5c3b2ef4f8cbc18160b5c46382e,TEST,uLhtqXoA9PU-MrRuGixAu,,"5 March, 2026, 12:57",46.53197100° N,6.60034400° E,OPEN,,118,coco-59,,,"[""back""]","5 March, 2026, 12:57",2
375ba22c31754985a0c3ad616c094dc5,TEST,uLhtqXoA9PU-MrRuGixAu,,"5 March, 2026, 12:57",46.53197100° N,6.60034400° E,OPEN,,28,coco-59,,,"[""right""]","5 March, 2026, 12:57",2
5dca5adbff8044f4ba93692ff9477975,TEST,uLhtqXoA9PU-MrRuGixAu,,"5 March, 2026, 12:57",46.53197100° N,6.60034400° E,OPEN,,208,coco-59,,,"[""left""]","5 March, 2026, 12:57",2
18997ed55df240caa9336eef1cc114de,TEST,uLhtqXoA9PU-MrRuGixAu,continuous,"5 March, 2026, 12:57",46.53197100° N,6.60034400° E,OPEN,,206,coco-59,,,"[""left""]","5 March, 2026, 12:57",1
db374be33c7a4643a264c0c4b07972d4,TEST,uLhtqXoA9PU-MrRuGixAu,continuous,"5 March, 2026, 12:57",46.53197000° N,6.60034600° E,OPEN,,283,coco-59,,,"[""front""]","5 March, 2026, 12:57",1
d30febb793d347dbac48072cb46cdfbe,TEST,uLhtqXoA9PU-MrRuGixAu,continuous,"5 March, 2026, 12:57",46.53197000° N,6.60034500° E,OPEN,,12,coco-59,,,"[""right""]","5 March, 2026, 12:57",1
08e5e9b52c4341b5ba93d4e373e81468,TEST,uLhtqXoA9PU-MrRuGixAu,,"5 March, 2026, 12:57",46.53197000° N,6.60034500° E,OPEN,,282,coco-59,,,"[""front"" ""thermal""]","5 March, 2026, 12:57",2
c077a367d28946fca6da466b387aea18,TEST,uLhtqXoA9PU-MrRuGixAu,,"5 March, 2026, 12:57",46.53197000° N,6.60034500° E,OPEN,,102,coco-59,,,"[""back""]","5 March, 2026, 12:57",2
f1532b1bf6bc480e9e64f0f3d07c32c0,TEST,uLhtqXoA9PU-MrRuGixAu,,"5 March, 2026, 12:57",46.53197000° N,6.60034500° E,OPEN,,12,coco-59,,,"[""right""]","5 March, 2026, 12:57",2
a219c91ee5424bfa8faa71947112bd13,TEST,uLhtqXoA9PU-MrRuGixAu,,"5 March, 2026, 12:57",46.53197000° N,6.60034500° E,OPEN,,192,coco-59,,,"[""left""]","5 March, 2026, 12:57",2
6b00c355c5114f16a946547847e00e4c,TEST,uLhtqXoA9PU-MrRuGixAu,,"5 March, 2026, 12:57",46.53196900° N,6.60035900° E,OPEN,,277,coco-59,,,"[""front"" ""thermal""]","5 March, 2026, 12:58",2
fd70adabf50b43949b03c042bba57f6b,TEST,uLhtqXoA9PU-MrRuGixAu,,"5 March, 2026, 12:57",46.53196900° N,6.60035900° E,OPEN,,97,coco-59,,,"[""back""]","5 March, 2026, 12:58",2
8d2e2fc3d56a47479ba7e1dd991ee953,TEST,uLhtqXoA9PU-MrRuGixAu,,"5 March, 2026, 12:57",46.53196900° N,6.60035900° E,OPEN,,7,coco-59,,,"[""right""]","5 March, 2026, 12:58",2
9bfb6192918e4c4b84a5cf567dc44c12,TEST,uLhtqXoA9PU-MrRuGixAu,,"5 March, 2026, 12:57",46.53196900° N,6.60035900° E,OPEN,,187,coco-59,,,"[""left""]","5 March, 2026, 12:58",2
18bbcb26c1114adaa63ea0262517b95a,TEST,uLhtqXoA9PU-MrRuGixAu,continuous,"5 March, 2026, 12:57",46.53196900° N,6.60034800° E,OPEN,,179,coco-59,,,"[""left""]","5 March, 2026, 12:58",1
c42707ae48ac43b8b56fc89872bbdbf2,TEST,uLhtqXoA9PU-MrRuGixAu,,"5 March, 2026, 12:57",46.53196700° N,6.60032800° E,OPEN,,277,coco-59,,,"[""front"" ""thermal""]","5 March, 2026, 12:58",2
b8a714d86b8f4320b5dbd7123ac80969,TEST,uLhtqXoA9PU-MrRuGixAu,,"5 March, 2026, 12:57",46.53196700° N,6.60032800° E,OPEN,,97,coco-59,,,"[""back""]","5 March, 2026, 12:58",2
d573557e734a487180a77f438e024a16,TEST,uLhtqXoA9PU-MrRuGixAu,,"5 March, 2026, 12:57",46.53196700° N,6.60032800° E,OPEN,,7,coco-59,,,"[""right""]","5 March, 2026, 12:58",2
28ddd188265b405e89fac5f2fb2208de,TEST,uLhtqXoA9PU-MrRuGixAu,,"5 March, 2026, 12:57",46.53196700° N,6.60032800° E,OPEN,,187,coco-59,,,"[""left""]","5 March, 2026, 12:58",2
5483d397002641df959b11823935aaee,TEST,uLhtqXoA9PU-MrRuGixAu,continuous,"5 March, 2026, 12:57",46.53196700° N,6.60032800° E,OPEN,,274,coco-59,,,"[""front""]","5 March, 2026, 12:58",1
a5b4809422664ce98aed05d87fb64cc2,TEST,uLhtqXoA9PU-MrRuGixAu,,"5 March, 2026, 12:57",46.53196800° N,6.60029400° E,OPEN,,277,coco-59,,,"[""front"" ""thermal""]","5 March, 2026, 12:58",2
05d4d89d04c64a429e8f8b6ce63db060,TEST,uLhtqXoA9PU-MrRuGixAu,,"5 March, 2026, 12:57",46.53196800° N,6.60029400° E,OPEN,,97,coco-59,,,"[""back""]","5 March, 2026, 12:58",2
ecc21f94ddfe46ae916f4ecc82591d52,TEST,uLhtqXoA9PU-MrRuGixAu,,"5 March, 2026, 12:57",46.53196800° N,6.60029400° E,OPEN,,7,coco-59,,,"[""right""]","5 March, 2026, 12:58",2
1c44cbe36fa24b57b77f78ae7c45474c,TEST,uLhtqXoA9PU-MrRuGixAu,,"5 March, 2026, 12:57",46.53196800° N,6.60029400° E,OPEN,,187,coco-59,,,"[""left""]","5 March, 2026, 12:58",2
02e903d139804b5291b44f8aa5cf87b4,TEST,uLhtqXoA9PU-MrRuGixAu,,"5 March, 2026, 12:58",46.53196900° N,6.60028200° E,OPEN,,292,coco-59,,,"[""front"" ""thermal""]","5 March, 2026, 12:58",2
9e8576ed6c1f48aa936df6c4cb316eb1,TEST,uLhtqXoA9PU-MrRuGixAu,,"5 March, 2026, 12:58",46.53196900° N,6.60028200° E,OPEN,,112,coco-59,,,"[""back""]","5 March, 2026, 12:58",2
4e2241c139e643e7abe0166e8e027287,TEST,uLhtqXoA9PU-MrRuGixAu,,"5 March, 2026, 12:58",46.53196900° N,6.60028200° E,OPEN,,22,coco-59,,,"[""right""]","5 March, 2026, 12:58",2
32037bc8c77e4d178b165e910859f53f,TEST,uLhtqXoA9PU-MrRuGixAu,,"5 March, 2026, 12:58",46.53196900° N,6.60028200° E,OPEN,,202,coco-59,,,"[""left""]","5 March, 2026, 12:58",2
4a23d0b5148a4241990028c9a44660e6,TEST,uLhtqXoA9PU-MrRuGixAu,,"5 March, 2026, 12:58",46.53196900° N,6.60028200° E,OPEN,,291,coco-59,,,"[""front"" ""thermal""]","5 March, 2026, 12:58",2
bcca5ac45b414d759251b84f0637030b,TEST,uLhtqXoA9PU-MrRuGixAu,,"5 March, 2026, 12:58",46.53196900° N,6.60028200° E,OPEN,,111,coco-59,,,"[""back""]","5 March, 2026, 12:58",2
69902e4468c749299cd08692b323a712,TEST,uLhtqXoA9PU-MrRuGixAu,,"5 March, 2026, 12:58",46.53196900° N,6.60028200° E,OPEN,,21,coco-59,,,"[""right""]","5 March, 2026, 12:58",2
e23cab7831f64b71b4c064607a4acaba,TEST,uLhtqXoA9PU-MrRuGixAu,,"5 March, 2026, 12:58",46.53196900° N,6.60028200° E,OPEN,,201,coco-59,,,"[""left""]","5 March, 2026, 12:58",2
4bfce89d9ae44d8e8ebc3c07590b2de1,TEST,uLhtqXoA9PU-MrRuGixAu,continuous,"5 March, 2026, 12:58",46.53196900° N,6.60028200° E,OPEN,,201,coco-59,,,"[""left""]","5 March, 2026, 12:58",1
df5dd2fe764646dca5c315efe2045b69,TEST,uLhtqXoA9PU-MrRuGixAu,continuous,"5 March, 2026, 12:58",46.53196700° N,6.60030900° E,OPEN,,242,coco-59,,,"[""front""]","5 March, 2026, 12:58",1
d9e29a59bec54332ad54a9905638be93,TEST,uLhtqXoA9PU-MrRuGixAu,continuous,"5 March, 2026, 12:58",46.53196900° N,6.60036300° E,OPEN,,11,coco-59,,,"[""right""]","5 March, 2026, 12:58",1
b2352c5a219f45ff8b985885d9923517,TEST,uLhtqXoA9PU-MrRuGixAu,,"5 March, 2026, 12:58",46.53196900° N,6.60035700° E,OPEN,,273,coco-59,,,"[""front"" ""thermal""]","5 March, 2026, 12:58",2
eea90f0567034fde8d8399e218737a29,TEST,uLhtqXoA9PU-MrRuGixAu,,"5 March, 2026, 12:58",46.53196900° N,6.60035700° E,OPEN,,93,coco-59,,,"[""back""]","5 March, 2026, 12:58",2
6cd7d70fcf3444819b18d40c5e5973d4,TEST,uLhtqXoA9PU-MrRuGixAu,,"5 March, 2026, 12:58",46.53196900° N,6.60035700° E,OPEN,,3,coco-59,,,"[""right""]","5 March, 2026, 12:58",2
76f5bc9b565d47729577768897131c76,TEST,uLhtqXoA9PU-MrRuGixAu,,"5 March, 2026, 12:58",46.53196900° N,6.60035700° E,OPEN,,183,coco-59,,,"[""left""]","5 March, 2026, 12:58",2
42e4b4a2ad1a4507b9b6e5ec2aef2be5,TEST,uLhtqXoA9PU-MrRuGixAu,,"5 March, 2026, 12:58",46.53197000° N,6.60033100° E,OPEN,,269,coco-59,,,"[""front"" ""thermal""]","5 March, 2026, 12:59",2
3861e57b6a7c43208247785a802cfbb4,TEST,uLhtqXoA9PU-MrRuGixAu,,"5 March, 2026, 12:58",46.53197000° N,6.60033100° E,OPEN,,89,coco-59,,,"[""back""]","5 March, 2026, 12:58",2
4dd4100f3a834db2b98ea6e88f78e5c1,TEST,uLhtqXoA9PU-MrRuGixAu,,"5 March, 2026, 12:58",46.53197000° N,6.60033100° E,OPEN,,359,coco-59,,,"[""right""]","5 March, 2026, 12:59",2
6fecddd8515b4a11be910c72ff1f5443,TEST,uLhtqXoA9PU-MrRuGixAu,,"5 March, 2026, 12:58",46.53197000° N,6.60033100° E,OPEN,,179,coco-59,,,"[""left""]","5 March, 2026, 12:59",2
25db8cd80f4e494b9a23494980b90723,TEST,uLhtqXoA9PU-MrRuGixAu,continuous,"5 March, 2026, 12:58",46.53196900° N,6.60031700° E,OPEN,,179,coco-59,,,"[""left""]","5 March, 2026, 12:59",1
664421766b704415911ce06fc20a1953,TEST,uLhtqXoA9PU-MrRuGixAu,,"5 March, 2026, 12:58",46.53196900° N,6.60030500° E,OPEN,,271,coco-59,,,"[""front"" ""thermal""]","5 March, 2026, 12:59",2
9fca087e0f2547f3a3676f8e1473b3bb,TEST,uLhtqXoA9PU-MrRuGixAu,,"5 March, 2026, 12:58",46.53196900° N,6.60030500° E,OPEN,,91,coco-59,,,"[""back""]","5 March, 2026, 12:59",2
e30ef9834ce840f8b09ed33be0abd016,TEST,uLhtqXoA9PU-MrRuGixAu,,"5 March, 2026, 12:58",46.53196900° N,6.60030500° E,OPEN,,1,coco-59,,,"[""right""]","5 March, 2026, 12:59",2
bf846d486a474aaa88126f0bbe3d3060,TEST,uLhtqXoA9PU-MrRuGixAu,,"5 March, 2026, 12:58",46.53196900° N,6.60030500° E,OPEN,,181,coco-59,,,"[""left""]","5 March, 2026, 12:59",2
b4904b7aa9ec4313b4bd8a5c674bd796,TEST,uLhtqXoA9PU-MrRuGixAu,continuous,"5 March, 2026, 12:58",46.53197000° N,6.60028900° E,OPEN,,277,coco-59,,,"[""front""]","5 March, 2026, 12:59",1
8674989610104a1f93865c2fee7ef144,TEST,uLhtqXoA9PU-MrRuGixAu,,"5 March, 2026, 12:58",46.53197000° N,6.60028900° E,OPEN,,277,coco-59,,,"[""front"" ""thermal""]","5 March, 2026, 12:59",2
85de2681cddf42bab4bff967215ca7a3,TEST,uLhtqXoA9PU-MrRuGixAu,,"5 March, 2026, 12:58",46.53197000° N,6.60028900° E,OPEN,,97,coco-59,,,"[""back""]","5 March, 2026, 12:59",2
ea84280d9162431d9b3f370554a065b0,TEST,uLhtqXoA9PU-MrRuGixAu,,"5 March, 2026, 12:58",46.53197000° N,6.60028900° E,OPEN,,7,coco-59,,,"[""right""]","5 March, 2026, 12:59",2
cc76712290b842f5b33a160fd7f98435,TEST,uLhtqXoA9PU-MrRuGixAu,,"5 March, 2026, 12:58",46.53197000° N,6.60028900° E,OPEN,,187,coco-59,,,"[""left""]","5 March, 2026, 12:59",2
39124e8e6ee247469bfa1eda38338a2e,TEST,uLhtqXoA9PU-MrRuGixAu,continuous,"5 March, 2026, 12:58",46.53197000° N,6.60028900° E,OPEN,,80,coco-59,,,"[""back""]","5 March, 2026, 12:59",1
0744b989bdac4ff7aeced2fcae68962b,TEST,uLhtqXoA9PU-MrRuGixAu,continuous,"5 March, 2026, 12:58",46.53196500° N,6.60029100° E,OPEN,,55,coco-59,,,"[""left""]","5 March, 2026, 12:59",1
b4eb7192e012436a92cb02195a724144,TEST,uLhtqXoA9PU-MrRuGixAu,continuous,"5 March, 2026, 12:59",46.53196200° N,6.60029000° E,OPEN,,184,coco-59,,,"[""front""]","5 March, 2026, 12:59",1
eebb9298a52246eb83cf52c384dc0f4c,TEST,uLhtqXoA9PU-MrRuGixAu,,"5 March, 2026, 12:59",46.53193300° N,6.60020600° E,OPEN,,249,coco-59,,,"[""front"" ""thermal""]","5 March, 2026, 12:59",2
a7207e04ad6e48318827b3b1ea356201,TEST,uLhtqXoA9PU-MrRuGixAu,,"5 March, 2026, 12:59",46.53193300° N,6.60020600° E,OPEN,,69,coco-59,,,"[""back""]","5 March, 2026, 12:59",2
7e67c533928141c4bc8cb0a17cdbf08a,TEST,uLhtqXoA9PU-MrRuGixAu,,"5 March, 2026, 12:59",46.53193300° N,6.60020600° E,OPEN,,339,coco-59,,,"[""right""]","5 March, 2026, 12:59",2
d302eb48819046eeabab163d1b000957,TEST,uLhtqXoA9PU-MrRuGixAu,,"5 March, 2026, 12:59",46.53193300° N,6.60020600° E,OPEN,,159,coco-59,,,"[""left""]","5 March, 2026, 12:59",2
5032ce5744a24a8b8826ce6950ddcc85,TEST,uLhtqXoA9PU-MrRuGixAu,,"5 March, 2026, 12:59",46.53192800° N,6.60018900° E,OPEN,,244,coco-59,,,"[""front"" ""thermal""]","5 March, 2026, 12:59",2
5d1f5501c76d426f810e173b4a3d6343,TEST,uLhtqXoA9PU-MrRuGixAu,,"5 March, 2026, 12:59",46.53192800° N,6.60018900° E,OPEN,,64,coco-59,,,"[""back""]","5 March, 2026, 12:59",2
f1bcdb9486b040269c4daccb01bd115e,TEST,uLhtqXoA9PU-MrRuGixAu,,"5 March, 2026, 12:59",46.53192800° N,6.60018900° E,OPEN,,334,coco-59,,,"[""right""]","5 March, 2026, 12:59",2
51e586dc2689474c9e4618646f0889b9,TEST,uLhtqXoA9PU-MrRuGixAu,,"5 March, 2026, 12:59",46.53192800° N,6.60018900° E,OPEN,,154,coco-59,,,"[""left""]","5 March, 2026, 12:59",2
1e504d6f82374d28808e61a1a715fca8,TEST,uLhtqXoA9PU-MrRuGixAu,,"5 March, 2026, 12:59",46.53192800° N,6.60018700° E,OPEN,,264,coco-59,,,"[""front"" ""thermal""]","5 March, 2026, 12:59",2
17dfb5fd1e4b4befa69949bcf58862eb,TEST,uLhtqXoA9PU-MrRuGixAu,,"5 March, 2026, 12:59",46.53192800° N,6.60018700° E,OPEN,,84,coco-59,,,"[""back""]","5 March, 2026, 12:59",2
936f2a7d81e04784a272e3fa038a863c,TEST,uLhtqXoA9PU-MrRuGixAu,,"5 March, 2026, 12:59",46.53192800° N,6.60018700° E,OPEN,,354,coco-59,,,"[""right""]","5 March, 2026, 12:59",2
03dd8b24cb0f478ca01da9b81a0b4a51,TEST,uLhtqXoA9PU-MrRuGixAu,,"5 March, 2026, 12:59",46.53192800° N,6.60018700° E,OPEN,,174,coco-59,,,"[""left""]","5 March, 2026, 12:59",2
43b02e0dc34c4305bc5402b6b213ca36,TEST,uLhtqXoA9PU-MrRuGixAu,continuous,"5 March, 2026, 12:59",46.53192800° N,6.60018700° E,OPEN,,173,coco-59,,,"[""left""]","5 March, 2026, 12:59",1
195af8d89dbc4f828af5bb7a39fbab3f,TEST,uLhtqXoA9PU-MrRuGixAu,continuous,"5 March, 2026, 12:59",46.53193300° N,6.60021100° E,OPEN,,251,coco-59,,,"[""front""]","5 March, 2026, 12:59",1
16f5548bcb484128b09704d30ab0697c,TEST,uLhtqXoA9PU-MrRuGixAu,continuous,"5 March, 2026, 12:59",46.53193200° N,6.60020900° E,OPEN,,329,coco-59,,,"[""right""]","5 March, 2026, 12:59",1
6b49aa80d0844107a6629fbffd633ce6,TEST,uLhtqXoA9PU-MrRuGixAu,continuous,"5 March, 2026, 12:59",46.53193300° N,6.60021100° E,OPEN,,54,coco-59,,,"[""back""]","5 March, 2026, 13:00",1
9ec02dca2b4149cd9bb3d4526206a06a,TEST,uLhtqXoA9PU-MrRuGixAu,continuous,"5 March, 2026, 12:59",46.53193300° N,6.60021100° E,OPEN,,145,coco-59,,,"[""left""]","5 March, 2026, 13:00",1
65b3b2bdb41546d7851abb9890581d7e,TEST,uLhtqXoA9PU-MrRuGixAu,continuous,"5 March, 2026, 12:59",46.53193200° N,6.60021100° E,OPEN,,235,coco-59,,,"[""front""]","5 March, 2026, 13:00",1
36c6ab1dfefe4cda8027c23e699e8f61,TEST,uLhtqXoA9PU-MrRuGixAu,continuous,"5 March, 2026, 13:00",46.53193200° N,6.60021100° E,OPEN,,324,coco-59,,,"[""right""]","5 March, 2026, 13:00",1
8c621ac8a98b4f21aa461579105c30f8,TEST,uLhtqXoA9PU-MrRuGixAu,,"5 March, 2026, 13:00",46.53193300° N,6.60021000° E,OPEN,,268,coco-59,,,"[""front"" ""thermal""]","5 March, 2026, 13:00",2
d9ebb26e2d93474ead8071283c58a72e,TEST,uLhtqXoA9PU-MrRuGixAu,,"5 March, 2026, 13:00",46.53193300° N,6.60021000° E,OPEN,,88,coco-59,,,"[""back""]","5 March, 2026, 13:00",2
3460fa4815814b18afe6427fc680dea0,TEST,uLhtqXoA9PU-MrRuGixAu,,"5 March, 2026, 13:00",46.53193300° N,6.60021000° E,OPEN,,358,coco-59,,,"[""right""]","5 March, 2026, 13:00",2
6579c280736640e0bba49bb620138112,TEST,uLhtqXoA9PU-MrRuGixAu,,"5 March, 2026, 13:00",46.53193300° N,6.60021000° E,OPEN,,178,coco-59,,,"[""left""]","5 March, 2026, 13:00",2
9d0aa9a1fa364cc7928122bccbba1a43,TEST,uLhtqXoA9PU-MrRuGixAu,,"5 March, 2026, 13:00",46.53193300° N,6.60021000° E,OPEN,,286,coco-59,,,"[""front"" ""thermal""]","5 March, 2026, 13:00",2
737b9e94040346a09586be1a0371fb08,TEST,uLhtqXoA9PU-MrRuGixAu,,"5 March, 2026, 13:00",46.53193300° N,6.60021000° E,OPEN,,106,coco-59,,,"[""back""]","5 March, 2026, 13:00",2
77bbfa5dfe844a629defed3074707264,TEST,uLhtqXoA9PU-MrRuGixAu,,"5 March, 2026, 13:00",46.53193300° N,6.60021000° E,OPEN,,16,coco-59,,,"[""right""]","5 March, 2026, 13:00",2
36648cda1f38427c8e091d9037cf049b,TEST,uLhtqXoA9PU-MrRuGixAu,,"5 March, 2026, 13:00",46.53193300° N,6.60021000° E,OPEN,,196,coco-59,,,"[""left""]","5 March, 2026, 13:00",2
0479176e80c84c80b7f608d444b21dce,TEST,uLhtqXoA9PU-MrRuGixAu,continuous,"5 March, 2026, 13:00",46.53193300° N,6.60021000° E,OPEN,,196,coco-59,,,"[""left""]","5 March, 2026, 13:00",1
13faf88ab7f04f36a6cd782ce452b2f9,TEST,uLhtqXoA9PU-MrRuGixAu,,"5 March, 2026, 13:00",46.53193400° N,6.60019900° E,OPEN,,276,coco-59,,,"[""front"" ""thermal""]","5 March, 2026, 13:02",2
6c06d6286989491faff7f4853ce32192,TEST,uLhtqXoA9PU-MrRuGixAu,,"5 March, 2026, 13:00",46.53193400° N,6.60019900° E,OPEN,,96,coco-59,,,"[""back""]","5 March, 2026, 13:01",2
005cc92de4794b4d9259d80c5812d72d,TEST,uLhtqXoA9PU-MrRuGixAu,,"5 March, 2026, 13:00",46.53193400° N,6.60019900° E,OPEN,,6,coco-59,,,"[""right""]","5 March, 2026, 13:01",2
57c195f552ca4bad89f4e7fb6f9e4ebe,TEST,uLhtqXoA9PU-MrRuGixAu,,"5 March, 2026, 13:00",46.53193400° N,6.60019900° E,OPEN,,186,coco-59,,,"[""left""]","5 March, 2026, 13:01",2
86d00a2c00434d79bf2b928d8639b82c,TEST,uLhtqXoA9PU-MrRuGixAu,continuous,"5 March, 2026, 13:00",46.53193500° N,6.60022000° E,OPEN,,263,coco-59,,,"[""front""]","5 March, 2026, 13:02",1
68d0fdd57a3448048061949fbde2f96c,TEST,uLhtqXoA9PU-MrRuGixAu,,"5 March, 2026, 13:00",46.53193600° N,6.60022900° E,OPEN,,278,coco-59,,,"[""front"" ""thermal""]","5 March, 2026, 13:02",2
87a6d5d61b874d8287ac64226bb8faed,TEST,uLhtqXoA9PU-MrRuGixAu,,"5 March, 2026, 13:00",46.53193600° N,6.60022900° E,OPEN,,98,coco-59,,,"[""back""]","5 March, 2026, 13:01",2
77e14067abcb44e1846d2a7bcd6f3076,TEST,uLhtqXoA9PU-MrRuGixAu,,"5 March, 2026, 13:00",46.53193600° N,6.60022900° E,OPEN,,8,coco-59,,,"[""right""]","5 March, 2026, 13:01",2
68226eabbb044b2a890fabd90b5b0ede,TEST,uLhtqXoA9PU-MrRuGixAu,,"5 March, 2026, 13:00",46.53193600° N,6.60022900° E,OPEN,,188,coco-59,,,"[""left""]","5 March, 2026, 13:02",2
f7503238cd434d959bb3424227e47db1,TEST,uLhtqXoA9PU-MrRuGixAu,continuous,"5 March, 2026, 13:00",46.53193700° N,6.60023200° E,OPEN,,192,coco-59,,,"[""left""]","5 March, 2026, 13:02",1
777792e8b86d4f11a28e37b1dd5e1d93,TEST,uLhtqXoA9PU-MrRuGixAu,continuous,"5 March, 2026, 13:00",46.53193700° N,6.60023200° E,OPEN,,280,coco-59,,,"[""front""]","5 March, 2026, 13:02",1
a27e4038733c45749d8e0303e290c0f6,TEST,uLhtqXoA9PU-MrRuGixAu,,"5 March, 2026, 13:00",46.53193800° N,6.60022200° E,OPEN,,270,coco-59,,,"[""front"" ""thermal""]","5 March, 2026, 13:02",2
19528925d5654dd8902a8ae14ff64a4e,TEST,uLhtqXoA9PU-MrRuGixAu,,"5 March, 2026, 13:00",46.53193800° N,6.60022200° E,OPEN,,90,coco-59,,,"[""back""]","5 March, 2026, 13:02",2
dbd32faeb6234096885304279494a1a7,TEST,uLhtqXoA9PU-MrRuGixAu,,"5 March, 2026, 13:00",46.53193800° N,6.60022200° E,OPEN,,0,coco-59,,,"[""right""]","5 March, 2026, 13:02",2
d58ca93af6104e20b1441889793b875b,TEST,uLhtqXoA9PU-MrRuGixAu,,"5 March, 2026, 13:00",46.53193800° N,6.60022200° E,OPEN,,180,coco-59,,,"[""left""]","5 March, 2026, 13:02",2
56ebc9d5dcd94fb78de1e7d58f6e7b7b,TEST,uLhtqXoA9PU-MrRuGixAu,continuous,"5 March, 2026, 13:01",46.53193800° N,6.60022300° E,OPEN,,180,coco-59,,,"[""left""]","5 March, 2026, 13:02",1
99fcb3e70c0146ec9e0e41f7064d9448,TEST,uLhtqXoA9PU-MrRuGixAu,continuous,"5 March, 2026, 13:01",46.53193800° N,6.60021900° E,OPEN,,269,coco-59,,,"[""front""]","5 March, 2026, 13:02",1
609d8a822ab84db7af0339ffde0c4dfe,TEST,uLhtqXoA9PU-MrRuGixAu,continuous,"5 March, 2026, 13:01",46.53193700° N,6.60022000° E,OPEN,,174,coco-59,,,"[""left""]","5 March, 2026, 13:02",1
dcd2b6a5c8c146bf867b5ee1b87ab31a,TEST,uLhtqXoA9PU-MrRuGixAu,continuous,"5 March, 2026, 13:01",46.53193700° N,6.60022000° E,OPEN,,265,coco-59,,,"[""front""]","5 March, 2026, 13:02",1
d868d95e75174b41b9d88ec0437c4bcd,TEST,uLhtqXoA9PU-MrRuGixAu,continuous,"5 March, 2026, 13:01",46.53193700° N,6.60022000° E,OPEN,,172,coco-59,,,"[""left""]","5 March, 2026, 13:02",1
93a0af42111c4bd297512266bd3e9d31,TEST,uLhtqXoA9PU-MrRuGixAu,,"5 March, 2026, 13:01",46.53193700° N,6.60022000° E,OPEN,,259,coco-59,,,"[""front"" ""thermal""]","5 March, 2026, 13:02",2
2a65bcd701ae40da97b84a85fe060b25,TEST,uLhtqXoA9PU-MrRuGixAu,,"5 March, 2026, 13:01",46.53193700° N,6.60022000° E,OPEN,,79,coco-59,,,"[""back""]","5 March, 2026, 13:02",2
2bb9c025b41c41c3b2b924b32d9178ae,TEST,uLhtqXoA9PU-MrRuGixAu,,"5 March, 2026, 13:01",46.53193700° N,6.60022000° E,OPEN,,349,coco-59,,,"[""right""]","5 March, 2026, 13:02",2
6162d3a19f724c329fee4cd35479d3f5,TEST,uLhtqXoA9PU-MrRuGixAu,,"5 March, 2026, 13:01",46.53193700° N,6.60022000° E,OPEN,,169,coco-59,,,"[""left""]","5 March, 2026, 13:02",2
ab43322d6087499583f761ebdb3f4efe,TEST,uLhtqXoA9PU-MrRuGixAu,continuous,"5 March, 2026, 13:01",46.53193800° N,6.60022200° E,OPEN,,265,coco-59,,,"[""front""]","5 March, 2026, 13:02",1
769a61bc066b4db58488cd250490a5ca,TEST,uLhtqXoA9PU-MrRuGixAu,,"5 March, 2026, 13:02",46.53193800° N,6.60022400° E,OPEN,,266,coco-59,,,"[""front"" ""thermal""]","5 March, 2026, 13:03",2
e1622961ee3647cf86dd3fe47cf06fd0,TEST,uLhtqXoA9PU-MrRuGixAu,,"5 March, 2026, 13:02",46.53193800° N,6.60022400° E,OPEN,,86,coco-59,,,"[""back""]","5 March, 2026, 13:03",2
b2a909b46a094c4da700554e8ae28bfc,TEST,uLhtqXoA9PU-MrRuGixAu,,"5 March, 2026, 13:02",46.53193800° N,6.60022400° E,OPEN,,356,coco-59,,,"[""right""]","5 March, 2026, 13:02",2
b0879e2939d94a86b39f951684e13523,TEST,uLhtqXoA9PU-MrRuGixAu,,"5 March, 2026, 13:02",46.53193800° N,6.60022400° E,OPEN,,176,coco-59,,,"[""left""]","5 March, 2026, 13:03",2
8843de8406604e73ae1d65283b3d229b,TEST,uLhtqXoA9PU-MrRuGixAu,continuous,"5 March, 2026, 13:02",46.53193800° N,6.60022400° E,OPEN,,356,coco-59,,,"[""right""]","5 March, 2026, 13:03",1
29719020ae6b482bb6b3f80df5320783,TEST,uLhtqXoA9PU-MrRuGixAu,,"5 March, 2026, 13:02",46.53193700° N,6.60021000° E,OPEN,,264,coco-59,,,"[""front"" ""thermal""]","5 March, 2026, 13:03",2
47bb36464c8b4abaa7e244209adb136f,TEST,uLhtqXoA9PU-MrRuGixAu,,"5 March, 2026, 13:02",46.53193700° N,6.60021000° E,OPEN,,84,coco-59,,,"[""back""]","5 March, 2026, 13:03",2
4d4c7a8f3b33453a9055c02fd5862055,TEST,uLhtqXoA9PU-MrRuGixAu,,"5 March, 2026, 13:02",46.53193700° N,6.60021000° E,OPEN,,354,coco-59,,,"[""right""]","5 March, 2026, 13:03",2
cfa574aa4a744855badc57382a5f3ad1,TEST,uLhtqXoA9PU-MrRuGixAu,,"5 March, 2026, 13:02",46.53193700° N,6.60021000° E,OPEN,,174,coco-59,,,"[""left""]","5 March, 2026, 13:03",2
5a1aff7ffd3e4819b115dbbfe0baca84,TEST,uLhtqXoA9PU-MrRuGixAu,continuous,"5 March, 2026, 13:02",46.53193700° N,6.60021100° E,OPEN,,172,coco-59,,,"[""left""]","5 March, 2026, 13:03",1
ea40d826924644868f33d9b72c086ed4,TEST,uLhtqXoA9PU-MrRuGixAu,,"5 March, 2026, 13:02",46.53193700° N,6.60021100° E,OPEN,,262,coco-59,,,"[""front"" ""thermal""]","5 March, 2026, 13:03",2
b2c004c03a124a94a4c07bd179f21740,TEST,uLhtqXoA9PU-MrRuGixAu,,"5 March, 2026, 13:02",46.53193700° N,6.60021100° E,OPEN,,82,coco-59,,,"[""back""]","5 March, 2026, 13:03",2
34f4511affd2482b9f644fd5b37ef9d3,TEST,uLhtqXoA9PU-MrRuGixAu,,"5 March, 2026, 13:02",46.53193700° N,6.60021100° E,OPEN,,352,coco-59,,,"[""right""]","5 March, 2026, 13:03",2
88711c585eb9497fae1521059060bd8d,TEST,uLhtqXoA9PU-MrRuGixAu,,"5 March, 2026, 13:02",46.53193700° N,6.60021100° E,OPEN,,172,coco-59,,,"[""left""]","5 March, 2026, 13:03",2
48cb28170b3c43518a34ae069d97ffd3,TEST,uLhtqXoA9PU-MrRuGixAu,continuous,"5 March, 2026, 13:02",46.53193700° N,6.60021100° E,OPEN,,262,coco-59,,,"[""front""]","5 March, 2026, 13:03",1
8d7223cc90504693b123a3d5188da96e,TEST,uLhtqXoA9PU-MrRuGixAu,continuous,"5 March, 2026, 13:02",46.53193700° N,6.60020900° E,OPEN,,181,coco-59,,,"[""left""]","5 March, 2026, 13:03",1
379f762d9eeb4534b3ddb0f3c04a3f7f,TEST,uLhtqXoA9PU-MrRuGixAu,continuous,"5 March, 2026, 13:02",46.53193700° N,6.60020800° E,OPEN,,272,coco-59,,,"[""front""]","5 March, 2026, 13:03",1
1b81499856df49858d2f837de745cda0,TEST,uLhtqXoA9PU-MrRuGixAu,,"5 March, 2026, 13:02",46.53193700° N,6.60020800° E,OPEN,,271,coco-59,,,"[""front"" ""thermal""]","5 March, 2026, 13:03",2
c562e94a2f9142988ff2ea846bb9db8b,TEST,uLhtqXoA9PU-MrRuGixAu,,"5 March, 2026, 13:02",46.53193700° N,6.60020800° E,OPEN,,91,coco-59,,,"[""back""]","5 March, 2026, 13:03",2
4d7d8cfb6c044c8184024875ba5594e7,TEST,uLhtqXoA9PU-MrRuGixAu,,"5 March, 2026, 13:02",46.53193700° N,6.60020800° E,OPEN,,1,coco-59,,,"[""right""]","5 March, 2026, 13:03",2
7e7cff68dba44198be071a4a04da6bf4,TEST,uLhtqXoA9PU-MrRuGixAu,,"5 March, 2026, 13:02",46.53193700° N,6.60020800° E,OPEN,,181,coco-59,,,"[""left""]","5 March, 2026, 13:03",2
0484cd55077440b89921ff7f0247671a,TEST,uLhtqXoA9PU-MrRuGixAu,continuous,"5 March, 2026, 13:03",46.53193700° N,6.60020800° E,OPEN,,181,coco-59,,,"[""left""]","5 March, 2026, 13:03",1
5a2c1066f21b47abbee725417efe885c,TEST,uLhtqXoA9PU-MrRuGixAu,continuous,"5 March, 2026, 13:03",46.53193700° N,6.60020800° E,OPEN,,277,coco-59,,,"[""front""]","5 March, 2026, 13:03",1
cdae8a53244c48918d41c3282307cb9e,TEST,uLhtqXoA9PU-MrRuGixAu,,"5 March, 2026, 13:03",46.53193600° N,6.60019500° E,OPEN,,263,coco-59,,,"[""front"" ""thermal""]","5 March, 2026, 13:03",2
aa2a7dff9baa4eedb8be990f833b8e48,TEST,uLhtqXoA9PU-MrRuGixAu,,"5 March, 2026, 13:03",46.53193600° N,6.60019500° E,OPEN,,83,coco-59,,,"[""back""]","5 March, 2026, 13:03",2
2db82561de134dd2832adeba53d6cbaa,TEST,uLhtqXoA9PU-MrRuGixAu,,"5 March, 2026, 13:03",46.53193600° N,6.60019500° E,OPEN,,353,coco-59,,,"[""right""]","5 March, 2026, 13:03",2
f5858bea25124268bd635db452f64568,TEST,uLhtqXoA9PU-MrRuGixAu,,"5 March, 2026, 13:03",46.53193600° N,6.60019500° E,OPEN,,173,coco-59,,,"[""left""]","5 March, 2026, 13:03",2
737ce18219874bf49cd3c793c4082285,TEST,uLhtqXoA9PU-MrRuGixAu,continuous,"5 March, 2026, 13:03",46.53193600° N,6.60019500° E,OPEN,,173,coco-59,,,"[""left""]","5 March, 2026, 13:03",1
a7da986463a34e6780dbf76596c20dba,TEST,uLhtqXoA9PU-MrRuGixAu,continuous,"5 March, 2026, 13:03",46.53193600° N,6.60022400° E,OPEN,,244,coco-59,,,"[""front""]","5 March, 2026, 13:03",1
403f02740e194b1eb22723356b34528b,TEST,uLhtqXoA9PU-MrRuGixAu,continuous,"5 March, 2026, 13:03",46.53193600° N,6.60022300° E,OPEN,,87,coco-59,,,"[""back""]","5 March, 2026, 13:03",1
725dbd3f43294417b367f6bbf1ad5079,TEST,uLhtqXoA9PU-MrRuGixAu,continuous,"5 March, 2026, 13:03",46.53193600° N,6.60022400° E,OPEN,,176,coco-59,,,"[""left""]","5 March, 2026, 13:03",1
e4cf98e72aa149acb1c9135a6bfb5d4e,TEST,uLhtqXoA9PU-MrRuGixAu,continuous,"5 March, 2026, 13:03",46.53193700° N,6.60023100° E,OPEN,,266,coco-59,,,"[""front""]","5 March, 2026, 13:04",1
0a5bb2ff55fd43a9ad69cc6ed663527f,TEST,uLhtqXoA9PU-MrRuGixAu,,"5 March, 2026, 13:04",46.53193700° N,6.60023500° E,OPEN,,266,coco-59,,,"[""front"" ""thermal""]","5 March, 2026, 13:04",2
cf0e5f821d0d4643999e04c41fdf6bf9,TEST,uLhtqXoA9PU-MrRuGixAu,,"5 March, 2026, 13:04",46.53193700° N,6.60023500° E,OPEN,,86,coco-59,,,"[""back""]","5 March, 2026, 13:04",2
9a567901a8f04815890be45870ff4c8e,TEST,uLhtqXoA9PU-MrRuGixAu,,"5 March, 2026, 13:04",46.53193700° N,6.60023500° E,OPEN,,356,coco-59,,,"[""right""]","5 March, 2026, 13:04",2
5cd247b2fa5a4fa0a2fe5bd3353e0b27,TEST,uLhtqXoA9PU-MrRuGixAu,,"5 March, 2026, 13:04",46.53193700° N,6.60023500° E,OPEN,,176,coco-59,,,"[""left""]","5 March, 2026, 13:04",2
3a35735f2bd146d79f7e55be9b0e925e,TEST,uLhtqXoA9PU-MrRuGixAu,,"5 March, 2026, 13:04",46.53193600° N,6.60021300° E,OPEN,,269,coco-59,,,"[""front"" ""thermal""]","5 March, 2026, 13:04",2
f400148220aa4ac583b12e73751254bc,TEST,uLhtqXoA9PU-MrRuGixAu,,"5 March, 2026, 13:04",46.53193600° N,6.60021300° E,OPEN,,89,coco-59,,,"[""back""]","5 March, 2026, 13:04",2
92c76c7ba2d64780a5ead4a43005147f,TEST,uLhtqXoA9PU-MrRuGixAu,,"5 March, 2026, 13:04",46.53193600° N,6.60021300° E,OPEN,,359,coco-59,,,"[""right""]","5 March, 2026, 13:04",2
4adea006f43e43d68893c61011828407,TEST,uLhtqXoA9PU-MrRuGixAu,,"5 March, 2026, 13:04",46.53193600° N,6.60021300° E,OPEN,,179,coco-59,,,"[""left""]","5 March, 2026, 13:04",2
aed2daeb42ba424c9277bfcfb16c11e5,TEST,uLhtqXoA9PU-MrRuGixAu,,"5 March, 2026, 13:04",46.53193600° N,6.60019400° E,OPEN,,268,coco-59,,,"[""front"" ""thermal""]","5 March, 2026, 13:04",2
6b271701a0704143a9db8dcf09ffc25e,TEST,uLhtqXoA9PU-MrRuGixAu,,"5 March, 2026, 13:04",46.53193600° N,6.60019400° E,OPEN,,88,coco-59,,,"[""back""]","5 March, 2026, 13:04",2
a0295ffb71744dc99cb63e76a4d5b82f,TEST,uLhtqXoA9PU-MrRuGixAu,,"5 March, 2026, 13:04",46.53193600° N,6.60019400° E,OPEN,,358,coco-59,,,"[""right""]","5 March, 2026, 13:04",2
1e8e9095627a4eb484197a227a000f37,TEST,uLhtqXoA9PU-MrRuGixAu,,"5 March, 2026, 13:04",46.53193600° N,6.60019400° E,OPEN,,178,coco-59,,,"[""left""]","5 March, 2026, 13:04",2
bd3e521215564ce8b863813014742158,TEST,uLhtqXoA9PU-MrRuGixAu,,"5 March, 2026, 13:04",46.53193500° N,6.60020300° E,OPEN,,278,coco-59,,,"[""front"" ""thermal""]","5 March, 2026, 13:04",2
9f9638fb015145a09a8e84a4be3d447b,TEST,uLhtqXoA9PU-MrRuGixAu,,"5 March, 2026, 13:04",46.53193500° N,6.60020300° E,OPEN,,98,coco-59,,,"[""back""]","5 March, 2026, 13:04",2
ba4b20eef7bd4fd4a5a70b4162b1d3b4,TEST,uLhtqXoA9PU-MrRuGixAu,,"5 March, 2026, 13:04",46.53193500° N,6.60020300° E,OPEN,,8,coco-59,,,"[""right""]","5 March, 2026, 13:04",2
cb55dd621b274306ad53a512e5fbc350,TEST,uLhtqXoA9PU-MrRuGixAu,,"5 March, 2026, 13:04",46.53193500° N,6.60020300° E,OPEN,,188,coco-59,,,"[""left""]","5 March, 2026, 13:04",2
3327287f79084f3ab16da30e4c8bccb1,TEST,uLhtqXoA9PU-MrRuGixAu,continuous,"5 March, 2026, 13:04",46.53193500° N,6.60020400° E,OPEN,,98,coco-59,,,"[""back""]","5 March, 2026, 13:04",1
4dc56ed2c3ba4ebeb50ed6655d5af757,TEST,uLhtqXoA9PU-MrRuGixAu,continuous,"5 March, 2026, 13:04",46.53193700° N,6.60020200° E,OPEN,,92,coco-59,,,"[""right""]","5 March, 2026, 13:04",1
e0135089494044f4a96f124aee628098,TEST,uLhtqXoA9PU-MrRuGixAu,continuous,"5 March, 2026, 13:05",46.53219500° N,6.60050100° E,OPEN,,358,coco-59,,,"[""front""]","5 March, 2026, 13:05",1
860f8225ebad4ddf8211664b0980e5b7,TEST,uLhtqXoA9PU-MrRuGixAu,continuous,"5 March, 2026, 13:05",46.53233300° N,6.60061000° E,OPEN,,2,coco-59,,,"[""left""]","5 March, 2026, 13:05",1
a46b178578ae41d3a042e15d2dfaaaee,TEST,uLhtqXoA9PU-MrRuGixAu,continuous,"5 March, 2026, 13:05",46.53233100° N,6.60062100° E,OPEN,,41,coco-59,,,"[""front""]","5 March, 2026, 13:05",1
37d87cb421984597bdbbad9872ae702b,TEST,uLhtqXoA9PU-MrRuGixAu,continuous,"5 March, 2026, 13:05",46.53233100° N,6.60062200° E,OPEN,,224,coco-59,,,"[""back""]","5 March, 2026, 13:06",1
ff3e2894ecb241acb88b81afe1ce21a7,TEST,uLhtqXoA9PU-MrRuGixAu,,"5 March, 2026, 13:06",46.53233100° N,6.60062200° E,OPEN,,43,coco-59,,,"[""front"" ""thermal""]","5 March, 2026, 13:06",2
71e6f67bd0b148ba8a65bb75df3f0b69,TEST,uLhtqXoA9PU-MrRuGixAu,,"5 March, 2026, 13:06",46.53233100° N,6.60062200° E,OPEN,,223,coco-59,,,"[""back""]","5 March, 2026, 13:06",2
10be03f619bd4829a846026a8f32229b,TEST,uLhtqXoA9PU-MrRuGixAu,,"5 March, 2026, 13:06",46.53233100° N,6.60062200° E,OPEN,,133,coco-59,,,"[""right""]","5 March, 2026, 13:06",2
310d0683b8b8411e8c129ac1f6b8c20a,TEST,uLhtqXoA9PU-MrRuGixAu,,"5 March, 2026, 13:06",46.53233100° N,6.60062200° E,OPEN,,313,coco-59,,,"[""left""]","5 March, 2026, 13:06",2
2c23b24d65364b7caaf217ef202e9733,TEST,uLhtqXoA9PU-MrRuGixAu,continuous,"5 March, 2026, 13:06",46.53233800° N,6.60063500° E,OPEN,,325,coco-59,,,"[""left""]","5 March, 2026, 13:06",1
18de9381e5c34fcbbbd6a06d53d5d7b9,TEST,uLhtqXoA9PU-MrRuGixAu,,"5 March, 2026, 13:06",46.53234400° N,6.60064300° E,OPEN,,40,coco-59,,,"[""front"" ""thermal""]","5 March, 2026, 13:06",2
0b7f1503e44744b498d4c7ef22f42f46,TEST,uLhtqXoA9PU-MrRuGixAu,,"5 March, 2026, 13:06",46.53234400° N,6.60064300° E,OPEN,,220,coco-59,,,"[""back""]","5 March, 2026, 13:06",2
55edae020ced479e842bf12a078cc185,TEST,uLhtqXoA9PU-MrRuGixAu,,"5 March, 2026, 13:06",46.53234400° N,6.60064300° E,OPEN,,130,coco-59,,,"[""right""]","5 March, 2026, 13:06",2
417c8aa2aecf4ebcb69ae1a43b2bab2d,TEST,uLhtqXoA9PU-MrRuGixAu,,"5 March, 2026, 13:06",46.53234400° N,6.60064300° E,OPEN,,310,coco-59,,,"[""left""]","5 March, 2026, 13:06",2
2478846f991f4231b71cde264ba57bac,TEST,uLhtqXoA9PU-MrRuGixAu,continuous,"5 March, 2026, 13:06",46.53234600° N,6.60064700° E,OPEN,,48,coco-59,,,"[""front""]","5 March, 2026, 13:06",1
657709ccc7b24a338d2413ea509dd0c7,TEST,uLhtqXoA9PU-MrRuGixAu,continuous,"5 March, 2026, 13:06",46.53235400° N,6.60065600° E,OPEN,,135,coco-59,,,"[""right""]","5 March, 2026, 13:06",1
abe00fbcc7204bebb9e2057a28860537,TEST,uLhtqXoA9PU-MrRuGixAu,,"5 March, 2026, 13:06",46.53235400° N,6.60065600° E,OPEN,,45,coco-59,,,"[""front"" ""thermal""]","5 March, 2026, 13:06",2
b0e1e39bfcc947819b9abc248d122729,TEST,uLhtqXoA9PU-MrRuGixAu,,"5 March, 2026, 13:06",46.53235400° N,6.60065600° E,OPEN,,225,coco-59,,,"[""back""]","5 March, 2026, 13:06",2
1488fc31bc01486aa0845c96c4b95c51,TEST,uLhtqXoA9PU-MrRuGixAu,,"5 March, 2026, 13:06",46.53235400° N,6.60065600° E,OPEN,,135,coco-59,,,"[""right""]","5 March, 2026, 13:06",2
eedd322f6dd446449ac6330bd957b98c,TEST,uLhtqXoA9PU-MrRuGixAu,,"5 March, 2026, 13:06",46.53235400° N,6.60065600° E,OPEN,,315,coco-59,,,"[""left""]","5 March, 2026, 13:06",2
5ce267f4343546498ee786ddfb288181,TEST,uLhtqXoA9PU-MrRuGixAu,,"5 March, 2026, 13:06",46.53236000° N,6.60066600° E,OPEN,,48,coco-59,,,"[""front"" ""thermal""]","5 March, 2026, 13:06",2
b96ddbcfb9154527a19b0d8eb3b63feb,TEST,uLhtqXoA9PU-MrRuGixAu,,"5 March, 2026, 13:06",46.53236000° N,6.60066600° E,OPEN,,228,coco-59,,,"[""back""]","5 March, 2026, 13:06",2
21eff1fbd9fc45838042c2a20512fec9,TEST,uLhtqXoA9PU-MrRuGixAu,,"5 March, 2026, 13:06",46.53236000° N,6.60066600° E,OPEN,,138,coco-59,,,"[""right""]","5 March, 2026, 13:06",2
3b1195a9a49c43cfb5f22a3bd7ca4b95,TEST,uLhtqXoA9PU-MrRuGixAu,,"5 March, 2026, 13:06",46.53236000° N,6.60066600° E,OPEN,,318,coco-59,,,"[""left""]","5 March, 2026, 13:06",2
9563b1a00a0a4478bde2d76bbff9a1d7,TEST,uLhtqXoA9PU-MrRuGixAu,continuous,"5 March, 2026, 13:06",46.53234000° N,6.60064200° E,OPEN,,306,coco-59,,,"[""left""]","5 March, 2026, 13:06",1
71e19ded523a4b77ac969ac6d3ead04a,TEST,uLhtqXoA9PU-MrRuGixAu,continuous,"5 March, 2026, 13:06",46.53234000° N,6.60064100° E,OPEN,,34,coco-59,,,"[""front""]","5 March, 2026, 13:06",1
90508b5732b645b988ff46687e270f50,TEST,uLhtqXoA9PU-MrRuGixAu,,"5 March, 2026, 13:06",46.53234000° N,6.60064200° E,OPEN,,47,coco-59,,,"[""front"" ""thermal""]","5 March, 2026, 13:06",2
f7276064208e419991565dce6b8870fc,TEST,uLhtqXoA9PU-MrRuGixAu,,"5 March, 2026, 13:06",46.53234000° N,6.60064200° E,OPEN,,227,coco-59,,,"[""back""]","5 March, 2026, 13:06",2
9be7ddef68a344469c56b94fb5b8c120,TEST,uLhtqXoA9PU-MrRuGixAu,,"5 March, 2026, 13:06",46.53234000° N,6.60064200° E,OPEN,,137,coco-59,,,"[""right""]","5 March, 2026, 13:06",2
9e15b1debd9844f68d69f93a9016a4ba,TEST,uLhtqXoA9PU-MrRuGixAu,,"5 March, 2026, 13:06",46.53234000° N,6.60064200° E,OPEN,,317,coco-59,,,"[""left""]","5 March, 2026, 13:06",2
98331267b5f1463e9bf897895af76589,TEST,uLhtqXoA9PU-MrRuGixAu,continuous,"5 March, 2026, 13:06",46.53234000° N,6.60064200° E,OPEN,,137,coco-59,,,"[""right""]","5 March, 2026, 13:06",1
41eacc369614417ca3fa5b4d7270aa1e,TEST,uLhtqXoA9PU-MrRuGixAu,,"5 March, 2026, 13:06",46.53235100° N,6.60066300° E,OPEN,,52,coco-59,,,"[""front"" ""thermal""]","5 March, 2026, 13:06",2
6ea13940663d4513b95110bcf74d5a00,TEST,uLhtqXoA9PU-MrRuGixAu,,"5 March, 2026, 13:06",46.53235100° N,6.60066300° E,OPEN,,232,coco-59,,,"[""back""]","5 March, 2026, 13:06",2
3f16b74769b74b57a1590506dd91b590,TEST,uLhtqXoA9PU-MrRuGixAu,,"5 March, 2026, 13:06",46.53235100° N,6.60066300° E,OPEN,,142,coco-59,,,"[""right""]","5 March, 2026, 13:06",2
bd5455fc3ee44d3a937ed381ec66d6d4,TEST,uLhtqXoA9PU-MrRuGixAu,,"5 March, 2026, 13:06",46.53235100° N,6.60066300° E,OPEN,,322,coco-59,,,"[""left""]","5 March, 2026, 13:06",2
ae01f46ae7114e7b8c4e8f34007a6db1,TEST,uLhtqXoA9PU-MrRuGixAu,,"5 March, 2026, 13:06",46.53236100° N,6.60068100° E,OPEN,,48,coco-59,,,"[""front"" ""thermal""]","5 March, 2026, 13:07",2
1389ea8f093e4246a310b41b71ddb11b,TEST,uLhtqXoA9PU-MrRuGixAu,,"5 March, 2026, 13:06",46.53236100° N,6.60068100° E,OPEN,,228,coco-59,,,"[""back""]","5 March, 2026, 13:07",2
485f28d3602e42ac9c76b4feb9fbcc3a,TEST,uLhtqXoA9PU-MrRuGixAu,,"5 March, 2026, 13:06",46.53236100° N,6.60068100° E,OPEN,,138,coco-59,,,"[""right""]","5 March, 2026, 13:06",2
fa68e8ad6ef84a2bb52c9d1300c6becf,TEST,uLhtqXoA9PU-MrRuGixAu,,"5 March, 2026, 13:06",46.53236100° N,6.60068100° E,OPEN,,318,coco-59,,,"[""left""]","5 March, 2026, 13:07",2
d78ac9831d004215b8d57d744a6348f2,TEST,uLhtqXoA9PU-MrRuGixAu,continuous,"5 March, 2026, 13:06",46.53236000° N,6.60067900° E,OPEN,,313,coco-59,,,"[""left""]","5 March, 2026, 13:07",1
ac029d10cdd64ce6acb13521a5d21a44,TEST,uLhtqXoA9PU-MrRuGixAu,continuous,"5 March, 2026, 13:07",46.53233900° N,6.60063600° E,OPEN,,50,coco-59,,,"[""front""]","5 March, 2026, 13:07",1
1517b547d8f445bb977e84f2f979287f,TEST,uLhtqXoA9PU-MrRuGixAu,continuous,"5 March, 2026, 13:07",46.53233700° N,6.60063200° E,OPEN,,295,coco-59,,,"[""left""]","5 March, 2026, 13:07",1
8ae86be929b14fc5bdc031b345cb97f3,TEST,uLhtqXoA9PU-MrRuGixAu,,"5 March, 2026, 13:07",46.53233700° N,6.60063100° E,OPEN,,24,coco-59,,,"[""front"" ""thermal""]","5 March, 2026, 13:07",2
349e769d24d547ce9bc9a682e344bcae,TEST,uLhtqXoA9PU-MrRuGixAu,,"5 March, 2026, 13:07",46.53233700° N,6.60063100° E,OPEN,,204,coco-59,,,"[""back""]","5 March, 2026, 13:07",2
85b351c5f23e4a81bb21f10fe074aa28,TEST,uLhtqXoA9PU-MrRuGixAu,,"5 March, 2026, 13:07",46.53233700° N,6.60063100° E,OPEN,,114,coco-59,,,"[""right""]","5 March, 2026, 13:07",2
70bf80c7dca94cf4a021d7fbfd266b2a,TEST,uLhtqXoA9PU-MrRuGixAu,,"5 March, 2026, 13:07",46.53233700° N,6.60063100° E,OPEN,,294,coco-59,,,"[""left""]","5 March, 2026, 13:07",2
fe9efc2aa3f6489fbe039d9823288332,TEST,uLhtqXoA9PU-MrRuGixAu,continuous,"5 March, 2026, 13:07",46.53233800° N,6.60063200° E,OPEN,,24,coco-59,,,"[""front""]","5 March, 2026, 13:07",1
df90ec4a65dc4d09b638ab218532c073,TEST,uLhtqXoA9PU-MrRuGixAu,,"5 March, 2026, 13:07",46.53235100° N,6.60063500° E,OPEN,,9,coco-59,,,"[""front"" ""thermal""]","5 March, 2026, 13:07",2
ea06ceeb4c1440d698d21efadbe8f6a5,TEST,uLhtqXoA9PU-MrRuGixAu,,"5 March, 2026, 13:07",46.53235100° N,6.60063500° E,OPEN,,189,coco-59,,,"[""back""]","5 March, 2026, 13:07",2
0737bae28afa43208a3f1a5ef2d1355f,TEST,uLhtqXoA9PU-MrRuGixAu,,"5 March, 2026, 13:07",46.53235100° N,6.60063500° E,OPEN,,99,coco-59,,,"[""right""]","5 March, 2026, 13:07",2
5296c09ad5c2410c845282515b9e710a,TEST,uLhtqXoA9PU-MrRuGixAu,,"5 March, 2026, 13:07",46.53235100° N,6.60063500° E,OPEN,,279,coco-59,,,"[""left""]","5 March, 2026, 13:07",2
fca99175586f44f78c5a2ff0a28c0d54,TEST,uLhtqXoA9PU-MrRuGixAu,,"5 March, 2026, 13:07",46.53236400° N,6.60064500° E,OPEN,,34,coco-59,,,"[""front"" ""thermal""]","5 March, 2026, 13:07",2
f81c334e91ef4f18a44e9a97c35d3d10,TEST,uLhtqXoA9PU-MrRuGixAu,,"5 March, 2026, 13:07",46.53236400° N,6.60064500° E,OPEN,,214,coco-59,,,"[""back""]","5 March, 2026, 13:07",2
3fd6812ae1ab464dae661696534a97ee,TEST,uLhtqXoA9PU-MrRuGixAu,,"5 March, 2026, 13:07",46.53236400° N,6.60064500° E,OPEN,,124,coco-59,,,"[""right""]","5 March, 2026, 13:07",2
11ae4a14aaf14456a07dc89d66ec1046,TEST,uLhtqXoA9PU-MrRuGixAu,,"5 March, 2026, 13:07",46.53236400° N,6.60064500° E,OPEN,,304,coco-59,,,"[""left""]","5 March, 2026, 13:07",2
3103c9bb1f7f4ee4a92e3ff5d468af8a,TEST,uLhtqXoA9PU-MrRuGixAu,,"5 March, 2026, 13:07",46.53235700° N,6.60063900° E,OPEN,,27,coco-59,,,"[""front"" ""thermal""]","5 March, 2026, 13:07",2
8ee7ae76b8024f2b9e936274fd5cbad9,TEST,uLhtqXoA9PU-MrRuGixAu,,"5 March, 2026, 13:07",46.53235700° N,6.60063900° E,OPEN,,207,coco-59,,,"[""back""]","5 March, 2026, 13:07",2
1b88e4884be743e7983d4ac1958bdfde,TEST,uLhtqXoA9PU-MrRuGixAu,,"5 March, 2026, 13:07",46.53235700° N,6.60063900° E,OPEN,,117,coco-59,,,"[""right""]","5 March, 2026, 13:07",2
5a0c723c6f8e47b7af50611e6d895f80,TEST,uLhtqXoA9PU-MrRuGixAu,,"5 March, 2026, 13:07",46.53235700° N,6.60063900° E,OPEN,,297,coco-59,,,"[""left""]","5 March, 2026, 13:07",2
9324d230d21b467396bd03cda2eace56,TEST,uLhtqXoA9PU-MrRuGixAu,,"5 March, 2026, 13:07",46.53234600° N,6.60063200° E,OPEN,,19,coco-59,,,"[""front"" ""thermal""]","5 March, 2026, 13:08",2
d4386f32a7d54c339d56898f544e553a,TEST,uLhtqXoA9PU-MrRuGixAu,,"5 March, 2026, 13:07",46.53234600° N,6.60063200° E,OPEN,,199,coco-59,,,"[""back""]","5 March, 2026, 13:07",2
961b05758c8c4dd99ce33f32e8670a5a,TEST,uLhtqXoA9PU-MrRuGixAu,,"5 March, 2026, 13:07",46.53234600° N,6.60063200° E,OPEN,,109,coco-59,,,"[""right""]","5 March, 2026, 13:08",2
486d3e7027184bf5ba7eca2e978f7a50,TEST,uLhtqXoA9PU-MrRuGixAu,,"5 March, 2026, 13:07",46.53234600° N,6.60063200° E,OPEN,,289,coco-59,,,"[""left""]","5 March, 2026, 13:07",2
1c76c3ed44204a89ba2af51519e6ff01,TEST,uLhtqXoA9PU-MrRuGixAu,continuous,"5 March, 2026, 13:07",46.53234600° N,6.60066600° E,OPEN,,1,coco-59,,,"[""left""]","5 March, 2026, 13:08",1
a13310cb9b984953a9c544d23113f486,TEST,uLhtqXoA9PU-MrRuGixAu,,"5 March, 2026, 13:07",46.53234600° N,6.60066700° E,OPEN,,88,coco-59,,,"[""front"" ""thermal""]","5 March, 2026, 13:08",2
b7bfe2a477344f8aa8b6f491d3236489,TEST,uLhtqXoA9PU-MrRuGixAu,,"5 March, 2026, 13:07",46.53234600° N,6.60066700° E,OPEN,,268,coco-59,,,"[""back""]","5 March, 2026, 13:08",2
1a2e3ee425b54b8894c431717c71960e,TEST,uLhtqXoA9PU-MrRuGixAu,,"5 March, 2026, 13:07",46.53234600° N,6.60066700° E,OPEN,,178,coco-59,,,"[""right""]","5 March, 2026, 13:08",2
9c7864f29ffd462e94b12a371e4ba5a4,TEST,uLhtqXoA9PU-MrRuGixAu,,"5 March, 2026, 13:07",46.53234600° N,6.60066700° E,OPEN,,358,coco-59,,,"[""left""]","5 March, 2026, 13:08",2
cf2fb6586d634f35b9edfa8f8407f72b,TEST,uLhtqXoA9PU-MrRuGixAu,,"5 March, 2026, 13:07",46.53235100° N,6.60069800° E,OPEN,,77,coco-59,,,"[""front"" ""thermal""]","5 March, 2026, 13:08",2
c98788a2cc6d4064b0b3760a396395b5,TEST,uLhtqXoA9PU-MrRuGixAu,,"5 March, 2026, 13:07",46.53235100° N,6.60069800° E,OPEN,,257,coco-59,,,"[""back""]","5 March, 2026, 13:08",2
9edd6b20f0e34ecebdce5e4a4de3217e,TEST,uLhtqXoA9PU-MrRuGixAu,,"5 March, 2026, 13:07",46.53235100° N,6.60069800° E,OPEN,,167,coco-59,,,"[""right""]","5 March, 2026, 13:08",2
b8e5b0fd7ca1463da21f213e660eaf5e,TEST,uLhtqXoA9PU-MrRuGixAu,,"5 March, 2026, 13:07",46.53235100° N,6.60069800° E,OPEN,,347,coco-59,,,"[""left""]","5 March, 2026, 13:08",2
e08894d38e884c73b98b29aa8e6ee371,TEST,uLhtqXoA9PU-MrRuGixAu,,"5 March, 2026, 13:07",46.53235300° N,6.60072400° E,OPEN,,82,coco-59,,,"[""front"" ""thermal""]","5 March, 2026, 13:08",2
6236c285dcae434486547c6b1d8afcb1,TEST,uLhtqXoA9PU-MrRuGixAu,,"5 March, 2026, 13:07",46.53235300° N,6.60072400° E,OPEN,,262,coco-59,,,"[""back""]","5 March, 2026, 13:08",2
d5f2802e278f410a94627a0696a43e35,TEST,uLhtqXoA9PU-MrRuGixAu,,"5 March, 2026, 13:07",46.53235300° N,6.60072400° E,OPEN,,172,coco-59,,,"[""right""]","5 March, 2026, 13:08",2
f1f097b271ba4d91b7740f3fbc55b8e9,TEST,uLhtqXoA9PU-MrRuGixAu,,"5 March, 2026, 13:07",46.53235300° N,6.60072400° E,OPEN,,352,coco-59,,,"[""left""]","5 March, 2026, 13:08",2
1ea90ae9a7d7412ba3940bc65aa4e43d,TEST,uLhtqXoA9PU-MrRuGixAu,continuous,"5 March, 2026, 13:08",46.53236000° N,6.60075300° E,OPEN,,252,coco-59,,,"[""back""]","5 March, 2026, 14:23",1
01ac6461e37f4ee1a2ada6d8ec472aec,TEST,uLhtqXoA9PU-MrRuGixAu,,"5 March, 2026, 13:08",46.53236300° N,6.60076800° E,OPEN,,73,coco-59,,,"[""front"" ""thermal""]","5 March, 2026, 14:23",2
06b8099b2b99492bb849ff5d4e68f731,TEST,uLhtqXoA9PU-MrRuGixAu,,"5 March, 2026, 13:08",46.53236300° N,6.60076800° E,OPEN,,253,coco-59,,,"[""back""]","5 March, 2026, 13:09",2
731a0ecdd1744e5885c3db0d06f766b2,TEST,uLhtqXoA9PU-MrRuGixAu,,"5 March, 2026, 13:08",46.53236300° N,6.60076800° E,OPEN,,163,coco-59,,,"[""right""]","5 March, 2026, 14:23",2
8ec2600d57a74bcbaf8dc4b58e328328,TEST,uLhtqXoA9PU-MrRuGixAu,,"5 March, 2026, 13:08",46.53236300° N,6.60076800° E,OPEN,,343,coco-59,,,"[""left""]","5 March, 2026, 14:23",2
2b5a583cd7754dd79145eb5e6c314e4f,TEST,uLhtqXoA9PU-MrRuGixAu,,"5 March, 2026, 13:08",46.53237800° N,6.60081800° E,OPEN,,68,coco-59,,,"[""front"" ""thermal""]","5 March, 2026, 14:23",2
154d25ebda1b430ba13a520b8e23f65c,TEST,uLhtqXoA9PU-MrRuGixAu,,"5 March, 2026, 13:08",46.53237800° N,6.60081800° E,OPEN,,248,coco-59,,,"[""back""]","5 March, 2026, 14:23",2
5c5f15f856194230a0bea1dfd54bc50b,TEST,uLhtqXoA9PU-MrRuGixAu,,"5 March, 2026, 13:08",46.53237800° N,6.60081800° E,OPEN,,158,coco-59,,,"[""right""]","5 March, 2026, 14:23",2
09844ed97aac4f038f4881029300c05e,TEST,uLhtqXoA9PU-MrRuGixAu,,"5 March, 2026, 13:08",46.53237800° N,6.60081800° E,OPEN,,338,coco-59,,,"[""left""]","5 March, 2026, 14:23",2
28991d46fb254ad1b040068c9f33841d,TEST,uLhtqXoA9PU-MrRuGixAu,continuous,"5 March, 2026, 13:08",46.53238500° N,6.60089200° E,OPEN,,86,coco-59,,,"[""front""]","5 March, 2026, 14:23",1
8f3e5a24d32e4de2885153a025706444,TEST,uLhtqXoA9PU-MrRuGixAu,continuous,"5 March, 2026, 13:08",46.53238100° N,6.60091000° E,OPEN,,209,coco-59,,,"[""right""]","5 March, 2026, 14:23",1
3b2164f2679e454cb92e3f2d0dbd90f9,TEST,uLhtqXoA9PU-MrRuGixAu,,"5 March, 2026, 13:08",46.53238100° N,6.60091000° E,OPEN,,118,coco-59,,,"[""front"" ""thermal""]","5 March, 2026, 14:23",2
a9c9d8c3339a42c1b89b902e8be86bfd,TEST,uLhtqXoA9PU-MrRuGixAu,,"5 March, 2026, 13:08",46.53238100° N,6.60091000° E,OPEN,,298,coco-59,,,"[""back""]","5 March, 2026, 14:23",2
151bb61f4ffc4c948f32cc4fbb1de3ec,TEST,uLhtqXoA9PU-MrRuGixAu,,"5 March, 2026, 13:08",46.53238100° N,6.60091000° E,OPEN,,208,coco-59,,,"[""right""]","5 March, 2026, 14:23",2
9d65a69f578f4b2b9c7023c532b73f15,TEST,uLhtqXoA9PU-MrRuGixAu,,"5 March, 2026, 13:08",46.53238100° N,6.60091000° E,OPEN,,28,coco-59,,,"[""left""]","5 March, 2026, 14:23",2
bf03e540741749a49c5cc5cb58a4335a,TEST,uLhtqXoA9PU-MrRuGixAu,,"5 March, 2026, 13:08",46.53238300° N,6.60093200° E,OPEN,,163,coco-59,,,"[""front"" ""thermal""]","5 March, 2026, 14:23",2
a2bc010b8b7e4e458490e25f2dd1f614,TEST,uLhtqXoA9PU-MrRuGixAu,,"5 March, 2026, 13:08",46.53238300° N,6.60093200° E,OPEN,,343,coco-59,,,"[""back""]","5 March, 2026, 14:23",2
19e72f3b77de434a83dd39b4cb59bfe7,TEST,uLhtqXoA9PU-MrRuGixAu,,"5 March, 2026, 13:08",46.53238300° N,6.60093200° E,OPEN,,253,coco-59,,,"[""right""]","5 March, 2026, 14:23",2
a1b1b6da4b11472b890dc6f3b8550631,TEST,uLhtqXoA9PU-MrRuGixAu,,"5 March, 2026, 13:08",46.53238300° N,6.60093200° E,OPEN,,73,coco-59,,,"[""left""]","5 March, 2026, 14:23",2
d79097ba75944e4d8cc8896dfe1f82bb,TEST,uLhtqXoA9PU-MrRuGixAu,continuous,"5 March, 2026, 13:08",46.53238300° N,6.60093200° E,OPEN,,73,coco-59,,,"[""left""]","5 March, 2026, 14:23",1
1e31b9c5b6204fde9bd1d8d1d308f8d3,TEST,uLhtqXoA9PU-MrRuGixAu,,"5 March, 2026, 13:08",46.53239100° N,6.60092600° E,OPEN,,161,coco-59,,,"[""front"" ""thermal""]","5 March, 2026, 14:23",2
e7afc6435a5b4e1a9165f9b1b7b57ccc,TEST,uLhtqXoA9PU-MrRuGixAu,,"5 March, 2026, 13:08",46.53239100° N,6.60092600° E,OPEN,,341,coco-59,,,"[""back""]","5 March, 2026, 14:23",2
3adb1d733cb2481c8b1fb42fa34bad00,TEST,uLhtqXoA9PU-MrRuGixAu,,"5 March, 2026, 13:08",46.53239100° N,6.60092600° E,OPEN,,251,coco-59,,,"[""right""]","5 March, 2026, 14:23",2
f6ccad8b611a4ec6b7374771f979f721,TEST,uLhtqXoA9PU-MrRuGixAu,,"5 March, 2026, 13:08",46.53239100° N,6.60092600° E,OPEN,,71,coco-59,,,"[""left""]","5 March, 2026, 14:23",2
d8264dd82e3d4efe9bac040623c8c6d0,TEST,uLhtqXoA9PU-MrRuGixAu,,"5 March, 2026, 13:08",46.53237100° N,6.60093800° E,OPEN,,152,coco-59,,,"[""front"" ""thermal""]","5 March, 2026, 14:23",2
d701692ee66b47b0bfb075200cb8d44d,TEST,uLhtqXoA9PU-MrRuGixAu,,"5 March, 2026, 13:08",46.53237100° N,6.60093800° E,OPEN,,332,coco-59,,,"[""back""]","5 March, 2026, 14:23",2
c752f206b3a54cb291d792058f41291f,TEST,uLhtqXoA9PU-MrRuGixAu,,"5 March, 2026, 13:08",46.53237100° N,6.60093800° E,OPEN,,242,coco-59,,,"[""right""]","5 March, 2026, 14:23",2
f315ed782785400799572c591e4e654f,TEST,uLhtqXoA9PU-MrRuGixAu,,"5 March, 2026, 13:08",46.53237100° N,6.60093800° E,OPEN,,62,coco-59,,,"[""left""]","5 March, 2026, 14:23",2
9ffe95671742469086c00fbb45962cc7,TEST,uLhtqXoA9PU-MrRuGixAu,continuous,"5 March, 2026, 13:08",46.53237700° N,6.60093300° E,OPEN,,237,coco-59,,,"[""right""]","5 March, 2026, 14:23",1
350afbf1136d4f36bcea6eb03ebd2485,TEST,uLhtqXoA9PU-MrRuGixAu,continuous,"5 March, 2026, 13:09",46.53238100° N,6.60092700° E,OPEN,,30,coco-59,,,"[""left""]","5 March, 2026, 14:23",1
394070d3d4714a1fb03e297f25226f2e,TEST,uLhtqXoA9PU-MrRuGixAu,continuous,"5 March, 2026, 13:09",46.53238000° N,6.60092900° E,OPEN,,39,coco-59,,,"[""left""]","5 March, 2026, 14:23",1
2c75b9dffe904f2ba01e7194c220bf6b,TEST,uLhtqXoA9PU-MrRuGixAu,continuous,"5 March, 2026, 13:09",46.53238000° N,6.60092800° E,OPEN,,128,coco-59,,,"[""front""]","5 March, 2026, 14:23",1
2b95fa3882b443218679c4d1241a7b16,TEST,uLhtqXoA9PU-MrRuGixAu,continuous,"5 March, 2026, 13:09",46.53238000° N,6.60092800° E,OPEN,,308,coco-59,,,"[""back""]","5 March, 2026, 14:23",1
53497969898947dbbac67e4a17f8332b,TEST,uLhtqXoA9PU-MrRuGixAu,continuous,"5 March, 2026, 13:09",46.53238000° N,6.60092800° E,OPEN,,38,coco-59,,,"[""left""]","5 March, 2026, 14:23",1
007b8eb36bbc4cc2b167fb1960350e6a,TEST,uLhtqXoA9PU-MrRuGixAu,continuous,"5 March, 2026, 13:10",46.53238000° N,6.60092900° E,OPEN,,127,coco-59,,,"[""front""]","5 March, 2026, 14:23",1
5e13532dd9a343c38a6a62a532932668,TEST,uLhtqXoA9PU-MrRuGixAu,,"5 March, 2026, 13:10",46.53238000° N,6.60092900° E,OPEN,,127,coco-59,,,"[""front"" ""thermal""]","5 March, 2026, 14:23",2
6dc654a358014e48b935bf8d8cd81a51,TEST,uLhtqXoA9PU-MrRuGixAu,,"5 March, 2026, 13:10",46.53238000° N,6.60092900° E,OPEN,,307,coco-59,,,"[""back""]","5 March, 2026, 14:23",2
158ad45115314ae4980baf1bd9be46e6,TEST,uLhtqXoA9PU-MrRuGixAu,,"5 March, 2026, 13:10",46.53238000° N,6.60092900° E,OPEN,,217,coco-59,,,"[""right""]","5 March, 2026, 14:23",2
56907138e3ae4c25aa43d55ae7c41109,TEST,uLhtqXoA9PU-MrRuGixAu,,"5 March, 2026, 13:10",46.53238000° N,6.60092900° E,OPEN,,37,coco-59,,,"[""left""]","5 March, 2026, 14:23",2
b4a53af97cec4d02a56a4e84f586f49d,TEST,uLhtqXoA9PU-MrRuGixAu,,"5 March, 2026, 13:10",46.53238200° N,6.60092400° E,OPEN,,137,coco-59,,,"[""thermal""]","5 March, 2026, 14:24",2
f50ae33ca6574f388a8cdd0e93ab13c4,TEST,uLhtqXoA9PU-MrRuGixAu,,"5 March, 2026, 13:10",46.53238200° N,6.60092400° E,OPEN,,317,coco-59,,,"[""back""]","5 March, 2026, 14:24",2
36cb42b144064355827a6c5b8278a91d,TEST,uLhtqXoA9PU-MrRuGixAu,,"5 March, 2026, 13:10",46.53238200° N,6.60092400° E,OPEN,,227,coco-59,,,"[""right""]","5 March, 2026, 14:24",2
8685e469f5614436b5bc1d7eec2602a9,TEST,uLhtqXoA9PU-MrRuGixAu,,"5 March, 2026, 13:10",46.53238200° N,6.60092400° E,OPEN,,47,coco-59,,,"[""left""]","5 March, 2026, 14:24",2
78529e4998e44cc8af972c0928e8ac62,TEST,uLhtqXoA9PU-MrRuGixAu,continuous,"5 March, 2026, 13:10",46.53238200° N,6.60092400° E,OPEN,,47,coco-59,,,"[""left""]","5 March, 2026, 14:24",1
8816c04b1d924092836901c320b9ca96,TEST,uLhtqXoA9PU-MrRuGixAu,,"5 March, 2026, 13:10",46.53239000° N,6.60091200° E,OPEN,,128,coco-59,,,"[""front"" ""thermal""]","5 March, 2026, 14:24",2
3c81f81c49ab4eca837de5ad68ff170d,TEST,uLhtqXoA9PU-MrRuGixAu,,"5 March, 2026, 13:10",46.53239000° N,6.60091200° E,OPEN,,308,coco-59,,,"[""back""]","5 March, 2026, 14:24",2
f56942ba82bb4003819fcaf3f5c68653,TEST,uLhtqXoA9PU-MrRuGixAu,,"5 March, 2026, 13:10",46.53239000° N,6.60091200° E,OPEN,,218,coco-59,,,"[""right""]","5 March, 2026, 14:24",2
03b360e84baa45a9800fb14df9fa6966,TEST,uLhtqXoA9PU-MrRuGixAu,,"5 March, 2026, 13:10",46.53239000° N,6.60091200° E,OPEN,,38,coco-59,,,"[""left""]","5 March, 2026, 14:24",2
343090a7b89d45778a9d40f11d97590a,TEST,uLhtqXoA9PU-MrRuGixAu,,"5 March, 2026, 13:10",46.53238900° N,6.60092000° E,OPEN,,276,coco-59,,,"[""back""]","5 March, 2026, 14:24",2
fc51be454f8246bb90df1cbf8a66ff85,TEST,uLhtqXoA9PU-MrRuGixAu,,"5 March, 2026, 13:10",46.53238900° N,6.60092000° E,OPEN,,96,coco-59,,,"[""front"" ""thermal""]","5 March, 2026, 14:24",2
0434648fa0874d5496ef338472a5b124,TEST,uLhtqXoA9PU-MrRuGixAu,,"5 March, 2026, 13:10",46.53238900° N,6.60092000° E,OPEN,,186,coco-59,,,"[""right""]","5 March, 2026, 14:24",2
85d93c45f9224f848097efe704b3ebae,TEST,uLhtqXoA9PU-MrRuGixAu,,"5 March, 2026, 13:10",46.53238900° N,6.60092000° E,OPEN,,6,coco-59,,,"[""left""]","5 March, 2026, 14:24",2
35c3b65296d2428f9cf7a4d5d7141764,TEST,uLhtqXoA9PU-MrRuGixAu,,"5 March, 2026, 13:10",46.53238300° N,6.60092700° E,OPEN,,169,coco-59,,,"[""front"" ""thermal""]","5 March, 2026, 14:24",2
169c9c437a2b406b8bcbdda05df602f3,TEST,uLhtqXoA9PU-MrRuGixAu,,"5 March, 2026, 13:10",46.53238300° N,6.60092700° E,OPEN,,349,coco-59,,,"[""back""]","5 March, 2026, 14:24",2
1d8399182b30475b85dfeb4674bb8c5a,TEST,uLhtqXoA9PU-MrRuGixAu,,"5 March, 2026, 13:10",46.53238300° N,6.60092700° E,OPEN,,259,coco-59,,,"[""right""]","5 March, 2026, 14:24",2
19112a901efa44fb937cceb45ba3309c,TEST,uLhtqXoA9PU-MrRuGixAu,,"5 March, 2026, 13:10",46.53238300° N,6.60092700° E,OPEN,,79,coco-59,,,"[""left""]","5 March, 2026, 14:24",2
8284c92d978a402e96f449bb50ffad6a,TEST,uLhtqXoA9PU-MrRuGixAu,continuous,"5 March, 2026, 13:10",46.53238300° N,6.60092400° E,OPEN,,148,coco-59,,,"[""left""]","5 March, 2026, 14:24",1
88c842ebeffa4d09b93add490f9db015,TEST,uLhtqXoA9PU-MrRuGixAu,continuous,"5 March, 2026, 13:11",46.53237400° N,6.60090900° E,OPEN,,235,coco-59,,,"[""front""]","5 March, 2026, 14:24",1
9e64d42027ca4fd69e3976171c509018,TEST,uLhtqXoA9PU-MrRuGixAu,continuous,"5 March, 2026, 13:11",46.53233400° N,6.60062800° E,OPEN,,247,coco-59,,,"[""front""]","5 March, 2026, 14:24",1
aec3919cc5824e2493d574551f8116f3,TEST,uLhtqXoA9PU-MrRuGixAu,continuous,"5 March, 2026, 13:11",46.53233700° N,6.60059400° E,OPEN,,39,coco-59,,,"[""right""]","5 March, 2026, 14:24",1
3923cd8f90ca4c49ab0eb89f5d7428bf,TEST,uLhtqXoA9PU-MrRuGixAu,continuous,"5 March, 2026, 13:11",46.53226300° N,6.60051400° E,OPEN,,111,coco-59,,,"[""left""]","5 March, 2026, 14:24",1
6054bb60383c429096ca3efa3a33ad08,TEST,uLhtqXoA9PU-MrRuGixAu,continuous,"5 March, 2026, 13:11",46.53220100° N,6.60050200° E,OPEN,,190,coco-59,,,"[""front""]","5 March, 2026, 14:24",1
87bac298276c4084bff13d35cf49145b,TEST,uLhtqXoA9PU-MrRuGixAu,continuous,"5 March, 2026, 13:11",46.53213800° N,6.60050700° E,OPEN,,262,coco-59,,,"[""right""]","5 March, 2026, 14:24",1
2dc5f79b120a40389c2eb92002fc36c1,TEST,uLhtqXoA9PU-MrRuGixAu,continuous,"5 March, 2026, 13:12",46.53202700° N,6.60053600° E,OPEN,,64,coco-59,,,"[""left""]","5 March, 2026, 14:24",1
73e6c345257e42909cd3a249346aecf5,TEST,uLhtqXoA9PU-MrRuGixAu,continuous,"5 March, 2026, 13:12",46.53201400° N,6.60055700° E,OPEN,,137,coco-59,,,"[""front""]","5 March, 2026, 14:24",1
a986144d6ea0408195f949c50f3ee641,TEST,uLhtqXoA9PU-MrRuGixAu,continuous,"5 March, 2026, 13:12",46.53200900° N,6.60057700° E,OPEN,,180,coco-59,,,"[""right""]","5 March, 2026, 14:24",1
741c63da7fa64e69a4ef33209e17e04c,TEST,uLhtqXoA9PU-MrRuGixAu,continuous,"5 March, 2026, 13:12",46.53200900° N,6.60057800° E,OPEN,,268,coco-59,,,"[""back""]","5 March, 2026, 14:24",1
ed44ca056fdf485880039504a261c1b6,TEST,uLhtqXoA9PU-MrRuGixAu,continuous,"5 March, 2026, 13:12",46.53200900° N,6.60057800° E,OPEN,,357,coco-59,,,"[""left""]","5 March, 2026, 14:24",1
36c1d78b08ac41379f3bc694c3e0bcae,TEST,uLhtqXoA9PU-MrRuGixAu,continuous,"5 March, 2026, 13:12",46.53200900° N,6.60057800° E,OPEN,,87,coco-59,,,"[""front""]","5 March, 2026, 14:24",1
3e5e3f90f5734c00ba4e95a756d05ff6,TEST,uLhtqXoA9PU-MrRuGixAu,continuous,"5 March, 2026, 13:12",46.53200900° N,6.60057800° E,OPEN,,177,coco-59,,,"[""right""]","5 March, 2026, 14:24",1
d362402d7fed4427bf261a265ffab7b5,TEST,uLhtqXoA9PU-MrRuGixAu,continuous,"5 March, 2026, 13:12",46.53200900° N,6.60057800° E,OPEN,,267,coco-59,,,"[""back""]","5 March, 2026, 14:24",1
a7e8f5d07e7143a89e11f54091305626,TEST,uLhtqXoA9PU-MrRuGixAu,continuous,"5 March, 2026, 13:13",46.53201800° N,6.60060700° E,OPEN,,207,coco-59,,,"[""front""]","5 March, 2026, 14:24",1
bb0f721358b74669a37d69e412589e57,TEST,uLhtqXoA9PU-MrRuGixAu,continuous,"5 March, 2026, 13:13",46.53201800° N,6.60060800° E,OPEN,,284,coco-59,,,"[""right""]","5 March, 2026, 14:24",1
2fb610af00e74efd9e3d1fff34700637,TEST,uLhtqXoA9PU-MrRuGixAu,,"5 March, 2026, 13:13",46.53201900° N,6.60060800° E,OPEN,,199,coco-59,,,"[""front"" ""thermal""]","5 March, 2026, 14:24",2
94990b496d8f49e49446740d3ca9e187,TEST,uLhtqXoA9PU-MrRuGixAu,,"5 March, 2026, 13:13",46.53201900° N,6.60060800° E,OPEN,,19,coco-59,,,"[""back""]","5 March, 2026, 14:24",2
68078420bd994fd49ae4176314c6e031,TEST,uLhtqXoA9PU-MrRuGixAu,,"5 March, 2026, 13:13",46.53201900° N,6.60060800° E,OPEN,,289,coco-59,,,"[""right""]","5 March, 2026, 14:24",2
20b6a05aa7284c898699b08653b24ce5,TEST,uLhtqXoA9PU-MrRuGixAu,,"5 March, 2026, 13:13",46.53201900° N,6.60060800° E,OPEN,,109,coco-59,,,"[""left""]","5 March, 2026, 14:24",2
36ba8302f81b4758b85de482488da3ae,TEST,uLhtqXoA9PU-MrRuGixAu,continuous,"5 March, 2026, 13:13",46.53201700° N,6.60060700° E,OPEN,,21,coco-59,,,"[""back""]","5 March, 2026, 14:24",1
6219901625b64d3d8adcf3adf72e5f80,TEST,uLhtqXoA9PU-MrRuGixAu,continuous,"5 March, 2026, 13:13",46.53200300° N,6.60060200° E,OPEN,,104,coco-59,,,"[""left""]","5 March, 2026, 14:24",1
3a8abaf260be4f069ed2d1d1e3c1e8e9,TEST,uLhtqXoA9PU-MrRuGixAu,,"5 March, 2026, 13:13",46.53200300° N,6.60060100° E,OPEN,,193,coco-59,,,"[""thermal""]","5 March, 2026, 14:24",2
d7aa2f177fce49c5afe24dd1b8484392,TEST,uLhtqXoA9PU-MrRuGixAu,,"5 March, 2026, 13:13",46.53200300° N,6.60060100° E,OPEN,,13,coco-59,,,"[""back""]","5 March, 2026, 14:24",2
29b91c296e32445799af98add3a9cd70,TEST,uLhtqXoA9PU-MrRuGixAu,,"5 March, 2026, 13:13",46.53200300° N,6.60060100° E,OPEN,,283,coco-59,,,"[""right""]","5 March, 2026, 14:24",2
47c2ed6b53334dc0a28e41a9e441fc97,TEST,uLhtqXoA9PU-MrRuGixAu,,"5 March, 2026, 13:13",46.53200300° N,6.60060100° E,OPEN,,103,coco-59,,,"[""left""]","5 March, 2026, 14:24",2
5b462fddf04442bfa0e7116585e21fbf,TEST,uLhtqXoA9PU-MrRuGixAu,continuous,"5 March, 2026, 13:13",46.53200300° N,6.60060100° E,OPEN,,193,coco-59,,,"[""front""]","5 March, 2026, 14:24",1
c310d75797b64182bdacba652c169ca8,TEST,uLhtqXoA9PU-MrRuGixAu,,"5 March, 2026, 13:13",46.53199300° N,6.60059500° E,OPEN,,20,coco-59,,,"[""back""]","5 March, 2026, 14:25",2
8fd8c6d3a396415fa336e3cdfcd809b0,TEST,uLhtqXoA9PU-MrRuGixAu,,"5 March, 2026, 13:13",46.53199300° N,6.60059500° E,OPEN,,200,coco-59,,,"[""front"" ""thermal""]","5 March, 2026, 14:24",2
cd7193ea1bbe4c84b37ffc7faf9916df,TEST,uLhtqXoA9PU-MrRuGixAu,,"5 March, 2026, 13:13",46.53199300° N,6.60059500° E,OPEN,,290,coco-59,,,"[""right""]","5 March, 2026, 14:25",2
084e40dfa9e843a6900ec2877a4ac2fd,TEST,uLhtqXoA9PU-MrRuGixAu,,"5 March, 2026, 13:13",46.53199300° N,6.60059500° E,OPEN,,110,coco-59,,,"[""left""]","5 March, 2026, 14:24",2
e9cefdca2aff4b4997a5540a22b06867,TEST,uLhtqXoA9PU-MrRuGixAu,continuous,"5 March, 2026, 13:13",46.53200400° N,6.60059800° E,OPEN,,296,coco-59,,,"[""right""]","5 March, 2026, 14:25",1
06414b449181428ea88880eb3110aba2,TEST,uLhtqXoA9PU-MrRuGixAu,,"5 March, 2026, 13:13",46.53202900° N,6.60060400° E,OPEN,,197,coco-59,,,"[""front"" ""thermal""]","5 March, 2026, 14:25",2
96f21bc4acf74b09bcf76f7b86839298,TEST,uLhtqXoA9PU-MrRuGixAu,,"5 March, 2026, 13:13",46.53202900° N,6.60060400° E,OPEN,,17,coco-59,,,"[""back""]","5 March, 2026, 14:25",2
458e7ac7fbba4a12ba7060bf68967bc1,TEST,uLhtqXoA9PU-MrRuGixAu,,"5 March, 2026, 13:13",46.53202900° N,6.60060400° E,OPEN,,287,coco-59,,,"[""right""]","5 March, 2026, 14:25",2
b5cda3746b4c4158ad45b6bf6dc2fb81,TEST,uLhtqXoA9PU-MrRuGixAu,,"5 March, 2026, 13:13",46.53202900° N,6.60060400° E,OPEN,,107,coco-59,,,"[""left""]","5 March, 2026, 14:25",2
54c4548b4435496084ff734c1543d897,TEST,uLhtqXoA9PU-MrRuGixAu,,"5 March, 2026, 13:13",46.53203000° N,6.60060400° E,OPEN,,120,coco-59,,,"[""front"" ""thermal""]","5 March, 2026, 14:25",2
b4bad2a9ccfa412ab9f97b16fe109d6e,TEST,uLhtqXoA9PU-MrRuGixAu,,"5 March, 2026, 13:13",46.53203000° N,6.60060400° E,OPEN,,300,coco-59,,,"[""back""]","5 March, 2026, 14:25",2
c3edb20e13684ab3a41ef595cbae346a,TEST,uLhtqXoA9PU-MrRuGixAu,,"5 March, 2026, 13:13",46.53203000° N,6.60060400° E,OPEN,,210,coco-59,,,"[""right""]","5 March, 2026, 14:25",2
d049f1f268574cb8990ac0d7d6e0c0f3,TEST,uLhtqXoA9PU-MrRuGixAu,,"5 March, 2026, 13:13",46.53203000° N,6.60060400° E,OPEN,,30,coco-59,,,"[""left""]","5 March, 2026, 14:25",2
21d0a06cf0cb4b269b4d7fba030902c6,TEST,uLhtqXoA9PU-MrRuGixAu,continuous,"5 March, 2026, 13:14",46.53202500° N,6.60063200° E,OPEN,,104,coco-59,,,"[""front""]","5 March, 2026, 14:25",1
b1682dd352914a67a448b53afa94de07,TEST,uLhtqXoA9PU-MrRuGixAu,,"5 March, 2026, 13:14",46.53202200° N,6.60064200° E,OPEN,,115,coco-59,,,"[""front"" ""thermal""]","5 March, 2026, 14:25",2
2ddc775988204b9894d48de3b9fa0bad,TEST,uLhtqXoA9PU-MrRuGixAu,,"5 March, 2026, 13:14",46.53202200° N,6.60064200° E,OPEN,,295,coco-59,,,"[""back""]","5 March, 2026, 14:25",2
ffcda5b4a1434631bc42cd53383288be,TEST,uLhtqXoA9PU-MrRuGixAu,,"5 March, 2026, 13:14",46.53202200° N,6.60064200° E,OPEN,,205,coco-59,,,"[""right""]","5 March, 2026, 14:25",2
96c2c909c4da44c4a2c6e8734f61ef1b,TEST,uLhtqXoA9PU-MrRuGixAu,,"5 March, 2026, 13:14",46.53202200° N,6.60064200° E,OPEN,,25,coco-59,,,"[""left""]","5 March, 2026, 14:25",2
80f2b9fc3cb14cbfaf4035559c0ce0ac,TEST,uLhtqXoA9PU-MrRuGixAu,,"5 March, 2026, 13:14",46.53201200° N,6.60065800° E,OPEN,,144,coco-59,,,"[""front"" ""thermal""]","5 March, 2026, 14:25",2
8c42f179527b4430976ac901943fc02c,TEST,uLhtqXoA9PU-MrRuGixAu,,"5 March, 2026, 13:14",46.53201200° N,6.60065800° E,OPEN,,324,coco-59,,,"[""back""]","5 March, 2026, 14:25",2
522f701ac3fe43f4a622f8935c7a44ef,TEST,uLhtqXoA9PU-MrRuGixAu,,"5 March, 2026, 13:14",46.53201200° N,6.60065800° E,OPEN,,234,coco-59,,,"[""right""]","5 March, 2026, 14:25",2
67530e10172c4a04b5243afdc0b969a0,TEST,uLhtqXoA9PU-MrRuGixAu,,"5 March, 2026, 13:14",46.53201200° N,6.60065800° E,OPEN,,54,coco-59,,,"[""left""]","5 March, 2026, 14:25",2
9c7e95851ce040b4be43b3019f8cb9c2,TEST,uLhtqXoA9PU-MrRuGixAu,continuous,"5 March, 2026, 13:14",46.53201100° N,6.60065800° E,OPEN,,233,coco-59,,,"[""right""]","5 March, 2026, 14:25",1
895a98d75f3e4bdbbfb3fb864e39de54,TEST,uLhtqXoA9PU-MrRuGixAu,continuous,"5 March, 2026, 13:14",46.53198600° N,6.60070100° E,OPEN,,92,coco-59,,,"[""back""]","5 March, 2026, 14:25",1
ad4db241125340898fba6d2981cca96d,TEST,uLhtqXoA9PU-MrRuGixAu,,"5 March, 2026, 13:14",46.53198700° N,6.60070100° E,OPEN,,324,coco-59,,,"[""front"" ""thermal""]","5 March, 2026, 14:25",2
e2dc7a4d693145729ed13ad55e9b9122,TEST,uLhtqXoA9PU-MrRuGixAu,,"5 March, 2026, 13:14",46.53198700° N,6.60070100° E,OPEN,,144,coco-59,,,"[""back""]","5 March, 2026, 14:25",2
7014565a4b854c75911192d2d559e1aa,TEST,uLhtqXoA9PU-MrRuGixAu,,"5 March, 2026, 13:14",46.53198700° N,6.60070100° E,OPEN,,54,coco-59,,,"[""right""]","5 March, 2026, 14:25",2
b08c97d1e574446eadb3d87af676ff61,TEST,uLhtqXoA9PU-MrRuGixAu,,"5 March, 2026, 13:14",46.53198700° N,6.60070100° E,OPEN,,234,coco-59,,,"[""left""]","5 March, 2026, 14:25",2
6e718bfefc53435f83cff932218dd653,TEST,uLhtqXoA9PU-MrRuGixAu,continuous,"5 March, 2026, 13:14",46.53199400° N,6.60068900° E,OPEN,,220,coco-59,,,"[""left""]","5 March, 2026, 14:25",1
6f90eb7c3e98446c8c442c94da3b6de4,TEST,uLhtqXoA9PU-MrRuGixAu,,"5 March, 2026, 13:14",46.53200400° N,6.60066500° E,OPEN,,300,coco-59,,,"[""front"" ""thermal""]","5 March, 2026, 14:25",2
ab0d1487ed3c48a28041ea6d075cd965,TEST,uLhtqXoA9PU-MrRuGixAu,,"5 March, 2026, 13:14",46.53200400° N,6.60066500° E,OPEN,,120,coco-59,,,"[""back""]","5 March, 2026, 14:25",2
bdfab45b1e43469bb146c483c65e6705,TEST,uLhtqXoA9PU-MrRuGixAu,,"5 March, 2026, 13:14",46.53200400° N,6.60066500° E,OPEN,,30,coco-59,,,"[""right""]","5 March, 2026, 14:25",2
027ac8ee71c94574a49f6b91e08d68e9,TEST,uLhtqXoA9PU-MrRuGixAu,,"5 March, 2026, 13:14",46.53200400° N,6.60066500° E,OPEN,,210,coco-59,,,"[""left""]","5 March, 2026, 14:25",2
c1ff554aa4044c40835eec8f5ea622fa,TEST,uLhtqXoA9PU-MrRuGixAu,continuous,"5 March, 2026, 13:14",46.53200400° N,6.60066500° E,OPEN,,300,coco-59,,,"[""front""]","5 March, 2026, 14:25",1
5ecfcd24056e41a9872531658f1702e3,TEST,uLhtqXoA9PU-MrRuGixAu,,"5 March, 2026, 13:14",46.53201000° N,6.60067200° E,OPEN,,53,coco-59,,,"[""front"" ""thermal""]","5 March, 2026, 14:25",2
fdbb3f366d564b16a962d45fe351ed63,TEST,uLhtqXoA9PU-MrRuGixAu,,"5 March, 2026, 13:14",46.53201000° N,6.60067200° E,OPEN,,233,coco-59,,,"[""back""]","5 March, 2026, 14:25",2
c2096e1e23b04b218ba224650f10c749,TEST,uLhtqXoA9PU-MrRuGixAu,,"5 March, 2026, 13:14",46.53201000° N,6.60067200° E,OPEN,,143,coco-59,,,"[""right""]","5 March, 2026, 14:25",2
852e17a4ac5e44eaad18c6ca8de5fe5d,TEST,uLhtqXoA9PU-MrRuGixAu,,"5 March, 2026, 13:14",46.53201000° N,6.60067200° E,OPEN,,323,coco-59,,,"[""left""]","5 March, 2026, 14:25",2
82d8b98542c4457292ce027e4d4ff413,TEST,uLhtqXoA9PU-MrRuGixAu,continuous,"5 March, 2026, 13:14",46.53201100° N,6.60067700° E,OPEN,,170,coco-59,,,"[""right""]","5 March, 2026, 14:25",1
97e8409206304674ad7fe0871e157d34,TEST,uLhtqXoA9PU-MrRuGixAu,,"5 March, 2026, 13:14",46.53201100° N,6.60067600° E,OPEN,,79,coco-59,,,"[""front"" ""thermal""]","5 March, 2026, 14:25",2
411e4d6234bd4bdbb96cb3e6598d6654,TEST,uLhtqXoA9PU-MrRuGixAu,,"5 March, 2026, 13:14",46.53201100° N,6.60067600° E,OPEN,,259,coco-59,,,"[""back""]","5 March, 2026, 14:25",2
de2fddb4f872472b8c3b134ace075fec,TEST,uLhtqXoA9PU-MrRuGixAu,,"5 March, 2026, 13:14",46.53201100° N,6.60067600° E,OPEN,,169,coco-59,,,"[""right""]","5 March, 2026, 14:25",2
bb1cf85fa0694e66bc86d400263041ae,TEST,uLhtqXoA9PU-MrRuGixAu,,"5 March, 2026, 13:14",46.53201100° N,6.60067600° E,OPEN,,349,coco-59,,,"[""left""]","5 March, 2026, 14:25",2
19ff548a3f6e4c949d58d26d77b1a0d8,TEST,uLhtqXoA9PU-MrRuGixAu,continuous,"5 March, 2026, 13:14",46.53201100° N,6.60067700° E,OPEN,,259,coco-59,,,"[""back""]","5 March, 2026, 14:25",1
ca36d5d0685a4f91b1a8ae1960eb6326,TEST,uLhtqXoA9PU-MrRuGixAu,continuous,"5 March, 2026, 13:14",46.53201100° N,6.60067600° E,OPEN,,349,coco-59,,,"[""left""]","5 March, 2026, 14:25",1
ad7d48bf3835461baaf99b0ab2348aed,TEST,uLhtqXoA9PU-MrRuGixAu,continuous,"5 March, 2026, 13:15",46.53201100° N,6.60067700° E,OPEN,,168,coco-59,,,"[""right""]","5 March, 2026, 14:26",1
137a1c4b7d9047a2ac5fad68dca07c34,TEST,uLhtqXoA9PU-MrRuGixAu,continuous,"5 March, 2026, 13:15",46.53201100° N,6.60067700° E,OPEN,,258,coco-59,,,"[""back""]","5 March, 2026, 14:26",1
6a3d8bdd1ab445b2914123b59dae9544,TEST,uLhtqXoA9PU-MrRuGixAu,continuous,"5 March, 2026, 13:15",46.53199500° N,6.60062800° E,OPEN,,280,coco-59,,,"[""front""]","5 March, 2026, 14:26",1
fb524f8886ce4d5ab366c24ccf41af8a,TEST,uLhtqXoA9PU-MrRuGixAu,continuous,"5 March, 2026, 13:15",46.53203900° N,6.60052100° E,OPEN,,192,coco-59,,,"[""left""]","5 March, 2026, 14:26",1
48c29a244eea41ac9e94c4400bd7dd16,TEST,uLhtqXoA9PU-MrRuGixAu,continuous,"5 March, 2026, 13:15",46.53203400° N,6.60043500° E,OPEN,,257,coco-59,,,"[""front""]","5 March, 2026, 14:26",1
8c2d236f4d384af1828e8771d7b078a5,TEST,uLhtqXoA9PU-MrRuGixAu,continuous,"5 March, 2026, 13:15",46.53200700° N,6.60035200° E,OPEN,,322,coco-59,,,"[""right""]","5 March, 2026, 14:26",1
b39cef72f42941778f6667dee26f8783,TEST,uLhtqXoA9PU-MrRuGixAu,continuous,"5 March, 2026, 13:16",46.53197400° N,6.60025100° E,OPEN,,320,coco-59,,,"[""front""]","5 March, 2026, 14:26",1
0ed6b4b1d109497c96a986d64e3ce29b,TEST,uLhtqXoA9PU-MrRuGixAu,continuous,"5 March, 2026, 13:16",46.53201200° N,6.60021200° E,OPEN,,145,coco-59,,,"[""back""]","5 March, 2026, 14:26",1
